date,cid,utm_source,utm_medium,utm_campaign
2021-01-20,1,naver,cpc,campaign-05
2021-01-20,2,naver,blog,campaign-02
2021-01-20,3,naver,cpc,campaign-01
2021-01-20,4,naver,blog,campaign-04
2021-01-20,5,google,blog,campaign-02
2021-01-20,6,naver,display,campaign-04
2021-01-20,7,naver,display,campaign-05
2021-01-20,8,naver,cpc,campaign-01
2021-01-20,9,google,display,campaign-01
2021-01-20,10,naver,cpc,campaign-05
2021-01-20,11,google,blog,campaign-01
2021-01-20,12,google,cpc,campaign-02
2021-01-20,13,naver,blog,campaign-05
2021-01-20,14,naver,display,campaign-05
2021-01-20,15,naver,display,campaign-02
2021-01-20,16,naver,cpc,campaign-02
2021-01-20,17,google,display,campaign-04
2021-01-20,18,naver,cpc,campaign-02
2021-01-20,19,naver,display,campaign-02
2021-01-20,20,google,display,campaign-02
2021-01-20,21,naver,cpc,campaign-03
2021-01-20,22,naver,display,campaign-04
2021-01-20,23,google,display,campaign-03
2021-01-20,24,naver,cpc,campaign-03
2021-01-21,25,google,display,campaign-05
2021-01-21,26,google,cpc,campaign-03
2021-01-21,27,naver,display,campaign-02
2021-01-21,28,google,blog,campaign-01
2021-01-21,29,naver,cpc,campaign-04
2021-01-21,30,naver,cpc,campaign-01
2021-01-21,31,google,display,campaign-01
2021-01-21,32,naver,blog,campaign-05
2021-01-21,33,google,cpc,campaign-03
2021-01-21,34,naver,blog,campaign-02
2021-01-21,35,google,display,campaign-02
2021-01-21,36,naver,cpc,campaign-04
2021-01-21,37,naver,blog,campaign-03
2021-01-21,38,google,display,campaign-05
2021-01-21,39,google,cpc,campaign-04
2021-01-21,40,google,cpc,campaign-04
2021-01-22,41,naver,blog,campaign-03
2021-01-22,42,google,cpc,campaign-02
2021-01-22,43,naver,cpc,campaign-01
2021-01-22,44,google,display,campaign-03
2021-01-22,45,naver,blog,campaign-01
2021-01-22,46,google,blog,campaign-01
2021-01-22,47,naver,display,campaign-05
2021-01-22,48,naver,blog,campaign-05
2021-01-22,49,naver,blog,campaign-05
2021-01-22,50,google,blog,campaign-01
2021-01-22,51,google,display,campaign-03
2021-01-22,52,naver,cpc,campaign-03
2021-01-22,53,google,display,campaign-02
2021-01-22,54,naver,display,campaign-04
2021-01-22,55,google,display,campaign-03
2021-01-22,56,google,blog,campaign-01
2021-01-22,57,naver,cpc,campaign-02
2021-01-22,58,naver,blog,campaign-05
2021-01-22,59,google,blog,campaign-01
2021-01-22,60,naver,blog,campaign-02
2021-01-22,61,google,blog,campaign-01
2021-01-22,62,naver,cpc,campaign-02
2021-01-22,63,google,display,campaign-02
2021-01-22,64,naver,blog,campaign-02
2021-01-23,65,naver,display,campaign-05
2021-01-23,66,google,blog,campaign-05
2021-01-23,67,naver,blog,campaign-04
2021-01-23,68,google,display,campaign-01
2021-01-23,69,google,display,campaign-03
2021-01-23,70,naver,display,campaign-01
2021-01-23,71,naver,blog,campaign-02
2021-01-23,72,google,cpc,campaign-01
2021-01-23,73,google,cpc,campaign-01
2021-01-23,74,naver,display,campaign-03
2021-01-23,75,google,cpc,campaign-02
2021-01-23,76,google,display,campaign-02
2021-01-23,77,naver,blog,campaign-04
2021-01-23,78,google,display,campaign-01
2021-01-23,79,google,display,campaign-05
2021-01-23,80,naver,display,campaign-04
2021-01-23,81,google,cpc,campaign-03
2021-01-23,82,naver,cpc,campaign-03
2021-01-23,83,google,display,campaign-01
2021-01-23,84,naver,blog,campaign-02
2021-01-23,85,naver,cpc,campaign-01
2021-01-23,86,naver,cpc,campaign-02
2021-01-23,87,google,blog,campaign-03
2021-01-24,88,naver,cpc,campaign-01
2021-01-24,89,naver,blog,campaign-03
2021-01-24,90,google,blog,campaign-02
2021-01-24,91,naver,cpc,campaign-05
2021-01-24,92,naver,display,campaign-03
2021-01-24,93,naver,display,campaign-03
2021-01-24,94,naver,display,campaign-04
2021-01-24,95,google,blog,campaign-05
2021-01-24,96,naver,blog,campaign-01
2021-01-24,97,google,display,campaign-01
2021-01-24,98,google,cpc,campaign-02
2021-01-24,99,google,cpc,campaign-05
2021-01-24,100,naver,cpc,campaign-03
2021-01-24,101,naver,display,campaign-03
2021-01-24,102,google,display,campaign-04
2021-01-24,103,google,blog,campaign-01
2021-01-24,104,google,cpc,campaign-04
2021-01-24,105,google,cpc,campaign-04
2021-01-24,106,google,display,campaign-03
2021-01-24,107,naver,display,campaign-04
2021-01-24,108,naver,blog,campaign-04
2021-01-24,109,naver,display,campaign-05
2021-01-24,110,naver,cpc,campaign-05
2021-01-24,111,google,display,campaign-05
2021-01-24,112,naver,display,campaign-02
2021-01-24,113,google,blog,campaign-02
2021-01-24,114,naver,cpc,campaign-02
2021-01-24,115,naver,display,campaign-01
2021-01-24,116,naver,cpc,campaign-03
2021-01-24,117,google,display,campaign-02
2021-01-24,118,google,display,campaign-05
2021-01-24,119,google,cpc,campaign-01
2021-01-24,120,google,blog,campaign-01
2021-01-24,121,google,blog,campaign-03
2021-01-24,122,google,display,campaign-02
2021-01-24,123,naver,display,campaign-04
2021-01-25,124,google,display,campaign-05
2021-01-25,125,naver,blog,campaign-03
2021-01-25,126,google,cpc,campaign-03
2021-01-25,127,naver,cpc,campaign-02
2021-01-25,128,google,cpc,campaign-03
2021-01-25,129,google,display,campaign-01
2021-01-25,130,google,cpc,campaign-05
2021-01-25,131,naver,cpc,campaign-05
2021-01-25,132,google,blog,campaign-01
2021-01-25,133,naver,cpc,campaign-04
2021-01-25,134,google,display,campaign-04
2021-01-25,135,naver,display,campaign-01
2021-01-25,136,naver,blog,campaign-05
2021-01-25,137,google,cpc,campaign-01
2021-01-25,138,naver,blog,campaign-05
2021-01-25,139,naver,cpc,campaign-04
2021-01-25,140,naver,cpc,campaign-01
2021-01-25,141,naver,blog,campaign-03
2021-01-25,142,google,blog,campaign-01
2021-01-25,143,naver,blog,campaign-01
2021-01-25,144,naver,display,campaign-01
2021-01-25,145,naver,blog,campaign-05
2021-01-25,146,google,blog,campaign-03
2021-01-25,147,google,blog,campaign-01
2021-01-25,148,naver,blog,campaign-02
2021-01-25,149,naver,cpc,campaign-02
2021-01-25,150,google,display,campaign-03
2021-01-25,151,google,display,campaign-04
2021-01-25,152,naver,blog,campaign-02
2021-01-25,153,google,cpc,campaign-02
2021-01-25,154,naver,display,campaign-02
2021-01-25,155,naver,display,campaign-04
2021-01-25,156,naver,blog,campaign-05
2021-01-25,157,naver,blog,campaign-01
2021-01-25,158,google,blog,campaign-02
2021-01-25,159,google,display,campaign-02
2021-01-25,160,naver,blog,campaign-04
2021-01-25,161,google,blog,campaign-02
2021-01-25,162,naver,display,campaign-02
2021-01-25,163,google,cpc,campaign-02
2021-01-25,164,naver,cpc,campaign-04
2021-01-25,165,google,cpc,campaign-03
2021-01-26,166,naver,blog,campaign-02
2021-01-26,167,google,blog,campaign-02
2021-01-26,168,naver,display,campaign-04
2021-01-26,169,google,blog,campaign-05
2021-01-26,170,google,cpc,campaign-03
2021-01-26,171,naver,display,campaign-01
2021-01-26,172,google,blog,campaign-03
2021-01-26,173,google,blog,campaign-04
2021-01-26,174,google,display,campaign-04
2021-01-26,175,google,blog,campaign-05
2021-01-26,176,naver,display,campaign-02
2021-01-26,177,naver,cpc,campaign-01
2021-01-26,178,naver,display,campaign-03
2021-01-26,179,google,display,campaign-02
2021-01-26,180,google,display,campaign-05
2021-01-26,181,google,cpc,campaign-05
2021-01-26,182,google,blog,campaign-04
2021-01-26,183,google,display,campaign-01
2021-01-26,184,naver,blog,campaign-04
2021-01-26,185,google,cpc,campaign-04
2021-01-26,186,naver,cpc,campaign-01
2021-01-26,187,google,cpc,campaign-01
2021-01-26,188,google,blog,campaign-03
2021-01-26,189,naver,blog,campaign-05
2021-01-26,190,naver,cpc,campaign-01
2021-01-26,191,naver,blog,campaign-03
2021-01-26,192,google,display,campaign-02
2021-01-26,193,google,blog,campaign-03
2021-01-27,194,naver,display,campaign-05
2021-01-27,195,google,cpc,campaign-04
2021-01-27,196,naver,blog,campaign-01
2021-01-27,197,naver,cpc,campaign-01
2021-01-27,198,google,cpc,campaign-05
2021-01-27,199,google,display,campaign-01
2021-01-27,200,google,display,campaign-02
2021-01-27,201,naver,display,campaign-01
2021-01-27,202,naver,display,campaign-01
2021-01-27,203,naver,blog,campaign-04
2021-01-27,204,google,display,campaign-01
2021-01-27,205,naver,display,campaign-03
2021-01-27,206,google,blog,campaign-02
2021-01-27,207,google,display,campaign-04
2021-01-27,208,naver,cpc,campaign-03
2021-01-27,209,google,cpc,campaign-01
2021-01-27,210,google,display,campaign-05
2021-01-27,211,naver,display,campaign-01
2021-01-27,212,google,cpc,campaign-01
2021-01-27,213,google,blog,campaign-03
2021-01-27,214,google,display,campaign-03
2021-01-27,215,naver,blog,campaign-05
2021-01-27,216,naver,display,campaign-04
2021-01-27,217,naver,display,campaign-04
2021-01-27,218,naver,blog,campaign-03
2021-01-27,219,naver,cpc,campaign-05
2021-01-27,220,naver,cpc,campaign-04
2021-01-27,221,naver,blog,campaign-01
2021-01-27,222,google,blog,campaign-05
2021-01-27,223,google,cpc,campaign-05
2021-01-27,224,naver,display,campaign-02
2021-01-27,225,google,cpc,campaign-01
2021-01-28,226,naver,display,campaign-02
2021-01-28,227,naver,display,campaign-05
2021-01-28,228,google,blog,campaign-05
2021-01-28,229,naver,blog,campaign-05
2021-01-28,230,google,display,campaign-03
2021-01-28,231,google,display,campaign-05
2021-01-28,232,naver,display,campaign-02
2021-01-28,233,naver,display,campaign-01
2021-01-28,234,naver,blog,campaign-05
2021-01-28,235,naver,blog,campaign-05
2021-01-28,236,naver,cpc,campaign-04
2021-01-28,237,naver,blog,campaign-05
2021-01-28,238,google,blog,campaign-04
2021-01-28,239,naver,blog,campaign-01
2021-01-28,240,google,blog,campaign-04
2021-01-28,241,naver,cpc,campaign-02
2021-01-28,242,naver,cpc,campaign-01
2021-01-28,243,naver,cpc,campaign-05
2021-01-28,244,google,blog,campaign-03
2021-01-28,245,google,cpc,campaign-05
2021-01-28,246,google,cpc,campaign-01
2021-01-28,247,google,blog,campaign-03
2021-01-28,248,naver,display,campaign-04
2021-01-28,249,naver,blog,campaign-03
2021-01-28,250,naver,cpc,campaign-02
2021-01-28,251,google,blog,campaign-01
2021-01-28,252,naver,cpc,campaign-05
2021-01-28,253,google,blog,campaign-03
2021-01-28,254,naver,display,campaign-05
2021-01-28,255,google,display,campaign-05
2021-01-28,256,google,cpc,campaign-02
2021-01-29,257,google,blog,campaign-01
2021-01-29,258,google,blog,campaign-05
2021-01-29,259,google,blog,campaign-05
2021-01-29,260,google,cpc,campaign-02
2021-01-29,261,naver,display,campaign-01
2021-01-29,262,naver,cpc,campaign-01
2021-01-29,263,naver,blog,campaign-04
2021-01-29,264,naver,display,campaign-03
2021-01-29,265,google,display,campaign-04
2021-01-29,266,google,cpc,campaign-02
2021-01-29,267,naver,cpc,campaign-01
2021-01-29,268,google,display,campaign-01
2021-01-29,269,google,blog,campaign-01
2021-01-29,270,google,blog,campaign-02
2021-01-29,271,google,display,campaign-03
2021-01-29,272,google,display,campaign-02
2021-01-29,273,naver,cpc,campaign-03
2021-01-29,274,google,cpc,campaign-03
2021-01-29,275,google,blog,campaign-02
2021-01-29,276,naver,blog,campaign-01
2021-01-29,277,google,blog,campaign-02
2021-01-29,278,naver,cpc,campaign-03
2021-01-29,279,google,display,campaign-03
2021-01-29,280,naver,cpc,campaign-03
2021-01-29,281,naver,display,campaign-05
2021-01-29,282,naver,cpc,campaign-01
2021-01-29,283,google,cpc,campaign-03
2021-01-29,284,google,display,campaign-04
2021-01-29,285,naver,blog,campaign-03
2021-01-30,286,google,cpc,campaign-02
2021-01-30,287,naver,blog,campaign-04
2021-01-30,288,naver,display,campaign-05
2021-01-30,289,naver,display,campaign-02
2021-01-30,290,google,cpc,campaign-03
2021-01-30,291,naver,cpc,campaign-02
2021-01-30,292,google,blog,campaign-01
2021-01-30,293,naver,cpc,campaign-03
2021-01-30,294,naver,cpc,campaign-02
2021-01-30,295,google,display,campaign-03
2021-01-30,296,naver,cpc,campaign-03
2021-01-30,297,google,display,campaign-01
2021-01-30,298,naver,cpc,campaign-05
2021-01-30,299,naver,display,campaign-03
2021-01-30,300,google,cpc,campaign-04
2021-01-30,301,naver,blog,campaign-04
2021-01-30,302,naver,display,campaign-02
2021-01-30,303,google,blog,campaign-03
2021-01-30,304,google,display,campaign-04
2021-01-30,305,naver,display,campaign-02
2021-01-30,306,google,blog,campaign-04
2021-01-30,307,google,display,campaign-03
2021-01-30,308,google,display,campaign-01
2021-01-30,309,naver,cpc,campaign-02
2021-01-30,310,google,display,campaign-05
2021-01-30,311,naver,cpc,campaign-05
2021-01-30,312,google,display,campaign-04
2021-01-30,313,naver,cpc,campaign-04
2021-01-30,314,naver,blog,campaign-04
2021-01-30,315,google,display,campaign-05
2021-01-30,316,naver,cpc,campaign-01
2021-01-30,317,naver,display,campaign-05
2021-01-30,318,naver,cpc,campaign-02
2021-01-30,319,google,blog,campaign-03
2021-01-30,320,naver,blog,campaign-01
2021-01-30,321,naver,blog,campaign-02
2021-01-30,322,naver,cpc,campaign-05
2021-01-31,323,google,display,campaign-05
2021-01-31,324,naver,cpc,campaign-05
2021-01-31,325,naver,cpc,campaign-04
2021-01-31,326,google,cpc,campaign-05
2021-01-31,327,naver,display,campaign-03
2021-01-31,328,google,display,campaign-01
2021-01-31,329,naver,cpc,campaign-03
2021-01-31,330,google,blog,campaign-03
2021-01-31,331,naver,blog,campaign-02
2021-01-31,332,google,cpc,campaign-01
2021-01-31,333,google,display,campaign-05
2021-01-31,334,google,display,campaign-03
2021-01-31,335,naver,display,campaign-04
2021-01-31,336,google,display,campaign-01
2021-01-31,337,naver,display,campaign-05
2021-01-31,338,naver,cpc,campaign-03
2021-01-31,339,naver,blog,campaign-04
2021-01-31,340,naver,cpc,campaign-03
2021-01-31,341,naver,display,campaign-05
2021-01-31,342,naver,blog,campaign-05
2021-01-31,343,google,display,campaign-04
2021-01-31,344,naver,cpc,campaign-05
2021-01-31,345,naver,display,campaign-05
2021-01-31,346,google,blog,campaign-05
2021-01-31,347,naver,cpc,campaign-03
2021-01-31,348,naver,blog,campaign-01
2021-01-31,349,naver,blog,campaign-02
2021-01-31,350,google,display,campaign-01
2021-01-31,351,naver,blog,campaign-01
2021-01-31,352,google,display,campaign-01
2021-01-31,353,naver,cpc,campaign-01
2021-01-31,354,google,blog,campaign-03
2021-02-01,355,google,cpc,campaign-02
2021-02-01,356,naver,cpc,campaign-04
2021-02-01,357,google,blog,campaign-04
2021-02-01,358,naver,cpc,campaign-02
2021-02-01,359,naver,display,campaign-03
2021-02-01,360,naver,cpc,campaign-05
2021-02-01,361,naver,display,campaign-03
2021-02-01,362,naver,blog,campaign-04
2021-02-01,363,naver,blog,campaign-01
2021-02-01,364,naver,display,campaign-02
2021-02-01,365,google,blog,campaign-05
2021-02-01,366,naver,cpc,campaign-05
2021-02-01,367,google,display,campaign-01
2021-02-01,368,naver,cpc,campaign-03
2021-02-01,369,google,blog,campaign-03
2021-02-01,370,google,cpc,campaign-01
2021-02-01,371,google,display,campaign-02
2021-02-01,372,google,cpc,campaign-03
2021-02-01,373,naver,blog,campaign-02
2021-02-01,374,naver,display,campaign-05
2021-02-01,375,naver,display,campaign-04
2021-02-01,376,google,cpc,campaign-03
2021-02-01,377,google,display,campaign-01
2021-02-01,378,naver,cpc,campaign-01
2021-02-01,379,google,display,campaign-04
2021-02-01,380,naver,display,campaign-01
2021-02-01,381,naver,blog,campaign-04
2021-02-01,382,naver,display,campaign-03
2021-02-01,383,naver,cpc,campaign-03
2021-02-01,384,google,blog,campaign-04
2021-02-01,385,naver,blog,campaign-01
2021-02-01,386,google,display,campaign-02
2021-02-01,387,google,display,campaign-05
2021-02-02,388,google,cpc,campaign-05
2021-02-02,389,naver,display,campaign-01
2021-02-02,390,google,display,campaign-03
2021-02-02,391,naver,blog,campaign-01
2021-02-02,392,google,blog,campaign-05
2021-02-02,393,google,cpc,campaign-05
2021-02-02,394,google,display,campaign-01
2021-02-02,395,google,display,campaign-02
2021-02-02,396,naver,blog,campaign-05
2021-02-02,397,google,display,campaign-05
2021-02-02,398,naver,cpc,campaign-03
2021-02-02,399,google,display,campaign-03
2021-02-02,400,naver,blog,campaign-03
2021-02-02,401,naver,display,campaign-05
2021-02-02,402,naver,cpc,campaign-04
2021-02-02,403,naver,blog,campaign-02
2021-02-02,404,google,cpc,campaign-05
2021-02-02,405,google,cpc,campaign-04
2021-02-02,406,naver,display,campaign-04
2021-02-02,407,google,cpc,campaign-04
2021-02-02,408,naver,display,campaign-02
2021-02-02,409,naver,cpc,campaign-04
2021-02-02,410,google,cpc,campaign-05
2021-02-02,411,google,cpc,campaign-04
2021-02-02,412,google,blog,campaign-02
2021-02-02,413,google,cpc,campaign-04
2021-02-02,414,google,display,campaign-05
2021-02-02,415,naver,display,campaign-05
2021-02-02,416,google,cpc,campaign-05
2021-02-02,417,naver,blog,campaign-02
2021-02-02,418,google,cpc,campaign-01
2021-02-03,419,google,blog,campaign-03
2021-02-03,420,naver,blog,campaign-05
2021-02-03,421,naver,blog,campaign-02
2021-02-03,422,naver,cpc,campaign-02
2021-02-03,423,naver,blog,campaign-04
2021-02-03,424,naver,blog,campaign-02
2021-02-03,425,naver,blog,campaign-05
2021-02-03,426,google,blog,campaign-02
2021-02-03,427,naver,blog,campaign-05
2021-02-03,428,naver,blog,campaign-05
2021-02-03,429,naver,cpc,campaign-02
2021-02-03,430,naver,blog,campaign-01
2021-02-03,431,google,display,campaign-01
2021-02-03,432,google,blog,campaign-03
2021-02-03,433,naver,blog,campaign-04
2021-02-03,434,google,blog,campaign-03
2021-02-03,435,naver,blog,campaign-04
2021-02-03,436,google,cpc,campaign-04
2021-02-03,437,google,blog,campaign-05
2021-02-03,438,google,cpc,campaign-05
2021-02-03,439,google,display,campaign-01
2021-02-03,440,google,display,campaign-05
2021-02-03,441,naver,cpc,campaign-03
2021-02-03,442,naver,blog,campaign-05
2021-02-04,443,naver,blog,campaign-02
2021-02-04,444,naver,display,campaign-01
2021-02-04,445,naver,display,campaign-05
2021-02-04,446,naver,blog,campaign-01
2021-02-04,447,google,cpc,campaign-03
2021-02-04,448,google,blog,campaign-02
2021-02-04,449,google,blog,campaign-03
2021-02-04,450,google,cpc,campaign-05
2021-02-04,451,google,display,campaign-01
2021-02-04,452,google,blog,campaign-03
2021-02-04,453,google,cpc,campaign-02
2021-02-04,454,google,blog,campaign-05
2021-02-04,455,naver,blog,campaign-04
2021-02-04,456,google,cpc,campaign-03
2021-02-04,457,naver,display,campaign-02
2021-02-04,458,naver,blog,campaign-05
2021-02-04,459,naver,blog,campaign-02
2021-02-04,460,naver,display,campaign-03
2021-02-04,461,naver,cpc,campaign-05
2021-02-04,462,google,display,campaign-03
2021-02-04,463,google,cpc,campaign-05
2021-02-04,464,google,display,campaign-03
2021-02-04,465,naver,cpc,campaign-01
2021-02-04,466,naver,cpc,campaign-03
2021-02-04,467,google,blog,campaign-04
2021-02-05,468,google,blog,campaign-02
2021-02-05,469,naver,blog,campaign-02
2021-02-05,470,google,display,campaign-04
2021-02-05,471,naver,blog,campaign-01
2021-02-05,472,google,cpc,campaign-05
2021-02-05,473,naver,cpc,campaign-02
2021-02-05,474,naver,cpc,campaign-05
2021-02-05,475,google,blog,campaign-01
2021-02-05,476,google,cpc,campaign-03
2021-02-05,477,naver,display,campaign-05
2021-02-05,478,google,blog,campaign-02
2021-02-05,479,naver,blog,campaign-04
2021-02-05,480,naver,blog,campaign-02
2021-02-05,481,google,display,campaign-03
2021-02-05,482,google,cpc,campaign-03
2021-02-05,483,naver,cpc,campaign-03
2021-02-05,484,google,display,campaign-02
2021-02-05,485,google,cpc,campaign-03
2021-02-05,486,naver,display,campaign-03
2021-02-05,487,naver,cpc,campaign-04
2021-02-05,488,google,cpc,campaign-03
2021-02-05,489,google,display,campaign-05
2021-02-05,490,naver,display,campaign-05
2021-02-05,491,naver,display,campaign-04
2021-02-05,492,naver,display,campaign-02
2021-02-05,493,naver,blog,campaign-05
2021-02-06,494,google,blog,campaign-04
2021-02-06,495,google,display,campaign-05
2021-02-06,496,naver,display,campaign-03
2021-02-06,497,naver,blog,campaign-01
2021-02-06,498,naver,cpc,campaign-02
2021-02-06,499,google,blog,campaign-02
2021-02-06,500,google,cpc,campaign-05
2021-02-06,501,google,blog,campaign-01
2021-02-06,502,google,display,campaign-03
2021-02-06,503,naver,blog,campaign-03
2021-02-06,504,naver,display,campaign-05
2021-02-06,505,google,display,campaign-04
2021-02-06,506,naver,blog,campaign-02
2021-02-06,507,google,display,campaign-04
2021-02-06,508,naver,cpc,campaign-04
2021-02-06,509,naver,display,campaign-04
2021-02-06,510,google,display,campaign-02
2021-02-06,511,google,display,campaign-04
2021-02-06,512,google,cpc,campaign-03
2021-02-06,513,naver,display,campaign-02
2021-02-06,514,naver,cpc,campaign-03
2021-02-06,515,google,blog,campaign-05
2021-02-06,516,google,display,campaign-01
2021-02-06,517,naver,display,campaign-01
2021-02-06,518,naver,blog,campaign-01
2021-02-06,519,google,blog,campaign-02
2021-02-06,520,google,display,campaign-04
2021-02-06,521,naver,blog,campaign-04
2021-02-06,522,naver,blog,campaign-01
2021-02-06,523,naver,display,campaign-02
2021-02-06,524,google,cpc,campaign-01
2021-02-06,525,google,cpc,campaign-01
2021-02-06,526,naver,display,campaign-04
2021-02-06,527,google,blog,campaign-05
2021-02-07,528,naver,blog,campaign-04
2021-02-07,529,google,blog,campaign-03
2021-02-07,530,naver,cpc,campaign-04
2021-02-07,531,naver,blog,campaign-03
2021-02-07,532,naver,display,campaign-01
2021-02-07,533,google,cpc,campaign-01
2021-02-07,534,google,blog,campaign-05
2021-02-07,535,naver,blog,campaign-04
2021-02-07,536,google,display,campaign-04
2021-02-07,537,google,blog,campaign-05
2021-02-07,538,google,blog,campaign-04
2021-02-07,539,naver,display,campaign-04
2021-02-07,540,google,display,campaign-02
2021-02-07,541,naver,blog,campaign-01
2021-02-07,542,naver,display,campaign-03
2021-02-07,543,google,display,campaign-04
2021-02-07,544,google,cpc,campaign-02
2021-02-07,545,google,display,campaign-02
2021-02-07,546,naver,blog,campaign-01
2021-02-07,547,google,display,campaign-01
2021-02-07,548,google,cpc,campaign-01
2021-02-07,549,google,blog,campaign-03
2021-02-07,550,naver,cpc,campaign-03
2021-02-07,551,google,blog,campaign-03
2021-02-07,552,naver,blog,campaign-01
2021-02-08,553,google,cpc,campaign-05
2021-02-08,554,google,display,campaign-01
2021-02-08,555,naver,cpc,campaign-02
2021-02-08,556,naver,cpc,campaign-04
2021-02-08,557,naver,display,campaign-02
2021-02-08,558,naver,display,campaign-02
2021-02-08,559,naver,blog,campaign-04
2021-02-08,560,naver,cpc,campaign-05
2021-02-08,561,naver,cpc,campaign-02
2021-02-08,562,google,cpc,campaign-01
2021-02-08,563,naver,cpc,campaign-03
2021-02-08,564,naver,cpc,campaign-04
2021-02-08,565,naver,cpc,campaign-05
2021-02-08,566,google,display,campaign-02
2021-02-08,567,google,cpc,campaign-01
2021-02-08,568,google,display,campaign-05
2021-02-08,569,google,display,campaign-02
2021-02-08,570,naver,blog,campaign-01
2021-02-08,571,naver,cpc,campaign-04
2021-02-08,572,google,display,campaign-01
2021-02-08,573,google,display,campaign-02
2021-02-08,574,naver,cpc,campaign-03
2021-02-08,575,google,blog,campaign-03
2021-02-08,576,google,display,campaign-05
2021-02-08,577,naver,cpc,campaign-01
2021-02-08,578,naver,blog,campaign-01
2021-02-08,579,naver,cpc,campaign-05
2021-02-09,580,naver,display,campaign-05
2021-02-09,581,naver,display,campaign-01
2021-02-09,582,naver,cpc,campaign-04
2021-02-09,583,naver,cpc,campaign-03
2021-02-09,584,naver,display,campaign-03
2021-02-09,585,naver,display,campaign-05
2021-02-09,586,google,cpc,campaign-01
2021-02-09,587,naver,cpc,campaign-02
2021-02-09,588,naver,cpc,campaign-03
2021-02-09,589,google,cpc,campaign-04
2021-02-09,590,naver,blog,campaign-03
2021-02-09,591,google,cpc,campaign-03
2021-02-09,592,google,display,campaign-05
2021-02-09,593,google,display,campaign-03
2021-02-09,594,google,cpc,campaign-05
2021-02-09,595,naver,blog,campaign-04
2021-02-09,596,naver,blog,campaign-03
2021-02-09,597,google,blog,campaign-02
2021-02-09,598,google,cpc,campaign-04
2021-02-09,599,google,cpc,campaign-02
2021-02-09,600,google,blog,campaign-03
2021-02-09,601,google,display,campaign-02
2021-02-09,602,google,blog,campaign-01
2021-02-09,603,naver,blog,campaign-01
2021-02-09,604,naver,cpc,campaign-03
2021-02-09,605,google,blog,campaign-02
2021-02-09,606,naver,display,campaign-05
2021-02-09,607,google,display,campaign-05
2021-02-09,608,naver,blog,campaign-05
2021-02-09,609,naver,display,campaign-02
2021-02-09,610,naver,display,campaign-04
2021-02-09,611,naver,blog,campaign-03
2021-02-09,612,google,blog,campaign-05
2021-02-10,613,google,cpc,campaign-04
2021-02-10,614,naver,display,campaign-05
2021-02-10,615,google,display,campaign-05
2021-02-10,616,naver,display,campaign-02
2021-02-10,617,google,cpc,campaign-03
2021-02-10,618,google,cpc,campaign-05
2021-02-10,619,naver,display,campaign-05
2021-02-10,620,naver,blog,campaign-03
2021-02-10,621,google,display,campaign-05
2021-02-10,622,google,blog,campaign-01
2021-02-10,623,naver,cpc,campaign-04
2021-02-10,624,google,blog,campaign-04
2021-02-10,625,naver,display,campaign-01
2021-02-10,626,naver,display,campaign-05
2021-02-10,627,google,cpc,campaign-01
2021-02-10,628,naver,cpc,campaign-04
2021-02-10,629,naver,cpc,campaign-01
2021-02-10,630,google,cpc,campaign-01
2021-02-10,631,naver,blog,campaign-01
2021-02-10,632,naver,cpc,campaign-04
2021-02-10,633,google,blog,campaign-05
2021-02-10,634,naver,display,campaign-01
2021-02-10,635,naver,display,campaign-04
2021-02-10,636,google,cpc,campaign-04
2021-02-10,637,naver,display,campaign-02
2021-02-10,638,naver,blog,campaign-03
2021-02-10,639,google,blog,campaign-02
2021-02-10,640,google,cpc,campaign-01
2021-02-10,641,naver,display,campaign-01
2021-02-10,642,naver,cpc,campaign-03
2021-02-10,643,google,blog,campaign-03
2021-02-10,644,naver,cpc,campaign-04
2021-02-10,645,google,display,campaign-01
2021-02-10,646,google,cpc,campaign-04
2021-02-10,647,google,display,campaign-05
2021-02-10,648,naver,cpc,campaign-04
2021-02-10,649,naver,cpc,campaign-02
2021-02-10,650,naver,display,campaign-04
2021-02-10,651,google,cpc,campaign-03
2021-02-10,652,naver,display,campaign-02
2021-02-10,653,naver,blog,campaign-04
2021-02-10,654,google,display,campaign-04
2021-02-10,655,naver,blog,campaign-04
2021-02-10,656,naver,blog,campaign-04
2021-02-11,657,naver,display,campaign-02
2021-02-11,658,google,cpc,campaign-04
2021-02-11,659,naver,display,campaign-03
2021-02-11,660,naver,display,campaign-05
2021-02-11,661,naver,blog,campaign-04
2021-02-11,662,naver,display,campaign-04
2021-02-11,663,naver,display,campaign-04
2021-02-11,664,naver,cpc,campaign-02
2021-02-11,665,google,cpc,campaign-05
2021-02-11,666,google,cpc,campaign-02
2021-02-11,667,google,display,campaign-01
2021-02-11,668,google,cpc,campaign-05
2021-02-11,669,naver,cpc,campaign-05
2021-02-11,670,naver,blog,campaign-03
2021-02-11,671,naver,blog,campaign-03
2021-02-11,672,naver,display,campaign-01
2021-02-11,673,naver,display,campaign-04
2021-02-11,674,google,blog,campaign-03
2021-02-11,675,google,blog,campaign-03
2021-02-11,676,naver,display,campaign-02
2021-02-11,677,google,display,campaign-03
2021-02-11,678,google,cpc,campaign-05
2021-02-11,679,naver,cpc,campaign-02
2021-02-11,680,naver,display,campaign-05
2021-02-11,681,naver,cpc,campaign-04
2021-02-11,682,naver,blog,campaign-04
2021-02-11,683,google,cpc,campaign-02
2021-02-11,684,google,display,campaign-02
2021-02-12,685,naver,blog,campaign-03
2021-02-12,686,google,blog,campaign-04
2021-02-12,687,naver,display,campaign-02
2021-02-12,688,naver,cpc,campaign-02
2021-02-12,689,naver,display,campaign-01
2021-02-12,690,naver,blog,campaign-01
2021-02-12,691,naver,blog,campaign-04
2021-02-12,692,google,cpc,campaign-03
2021-02-12,693,google,blog,campaign-01
2021-02-12,694,google,blog,campaign-03
2021-02-12,695,google,display,campaign-01
2021-02-12,696,naver,blog,campaign-04
2021-02-12,697,google,cpc,campaign-04
2021-02-12,698,google,blog,campaign-03
2021-02-12,699,naver,display,campaign-01
2021-02-12,700,google,cpc,campaign-01
2021-02-12,701,naver,display,campaign-05
2021-02-12,702,google,blog,campaign-05
2021-02-12,703,naver,blog,campaign-05
2021-02-12,704,google,display,campaign-04
2021-02-12,705,naver,display,campaign-02
2021-02-12,706,naver,blog,campaign-05
2021-02-12,707,google,blog,campaign-03
2021-02-12,708,naver,cpc,campaign-03
2021-02-12,709,naver,display,campaign-05
2021-02-12,710,naver,display,campaign-03
2021-02-12,711,google,display,campaign-02
2021-02-13,712,naver,blog,campaign-01
2021-02-13,713,google,display,campaign-01
2021-02-13,714,google,blog,campaign-01
2021-02-13,715,google,display,campaign-02
2021-02-13,716,naver,cpc,campaign-03
2021-02-13,717,google,display,campaign-02
2021-02-13,718,naver,blog,campaign-03
2021-02-13,719,google,blog,campaign-03
2021-02-13,720,google,blog,campaign-03
2021-02-13,721,google,cpc,campaign-05
2021-02-13,722,google,cpc,campaign-05
2021-02-13,723,google,display,campaign-02
2021-02-13,724,google,blog,campaign-02
2021-02-13,725,naver,cpc,campaign-03
2021-02-13,726,google,display,campaign-01
2021-02-13,727,google,display,campaign-04
2021-02-13,728,naver,blog,campaign-01
2021-02-13,729,google,cpc,campaign-02
2021-02-13,730,google,cpc,campaign-04
2021-02-13,731,google,cpc,campaign-01
2021-02-13,732,naver,cpc,campaign-04
2021-02-13,733,google,blog,campaign-03
2021-02-13,734,naver,blog,campaign-03
2021-02-13,735,google,cpc,campaign-01
2021-02-13,736,naver,blog,campaign-01
2021-02-13,737,google,display,campaign-04
2021-02-13,738,google,cpc,campaign-03
2021-02-13,739,naver,display,campaign-04
2021-02-13,740,google,blog,campaign-02
2021-02-13,741,naver,display,campaign-01
2021-02-13,742,naver,blog,campaign-01
2021-02-14,743,google,cpc,campaign-02
2021-02-14,744,naver,cpc,campaign-05
2021-02-14,745,google,blog,campaign-03
2021-02-14,746,naver,cpc,campaign-03
2021-02-14,747,google,cpc,campaign-02
2021-02-14,748,google,display,campaign-02
2021-02-14,749,naver,display,campaign-01
2021-02-14,750,naver,display,campaign-02
2021-02-14,751,google,blog,campaign-05
2021-02-14,752,google,blog,campaign-05
2021-02-14,753,naver,cpc,campaign-04
2021-02-14,754,naver,blog,campaign-04
2021-02-14,755,google,cpc,campaign-02
2021-02-14,756,google,cpc,campaign-03
2021-02-14,757,google,display,campaign-02
2021-02-14,758,google,cpc,campaign-05
2021-02-14,759,google,display,campaign-04
2021-02-14,760,naver,cpc,campaign-02
2021-02-14,761,naver,display,campaign-04
2021-02-14,762,naver,blog,campaign-05
2021-02-14,763,google,cpc,campaign-05
2021-02-14,764,google,cpc,campaign-03
2021-02-14,765,naver,display,campaign-03
2021-02-14,766,google,display,campaign-03
2021-02-14,767,google,display,campaign-05
2021-02-14,768,google,blog,campaign-05
2021-02-14,769,naver,blog,campaign-01
2021-02-14,770,naver,cpc,campaign-01
2021-02-14,771,google,blog,campaign-01
2021-02-14,772,google,display,campaign-04
2021-02-14,773,google,display,campaign-01
2021-02-14,774,naver,cpc,campaign-05
2021-02-14,775,google,display,campaign-03
2021-02-14,776,google,blog,campaign-02
2021-02-14,777,naver,cpc,campaign-04
2021-02-14,778,google,blog,campaign-02
2021-02-14,779,google,blog,campaign-04
2021-02-15,780,naver,display,campaign-05
2021-02-15,781,google,display,campaign-02
2021-02-15,782,naver,display,campaign-02
2021-02-15,783,google,display,campaign-05
2021-02-15,784,naver,cpc,campaign-04
2021-02-15,785,google,cpc,campaign-05
2021-02-15,786,naver,blog,campaign-01
2021-02-15,787,naver,cpc,campaign-04
2021-02-15,788,naver,cpc,campaign-05
2021-02-15,789,naver,display,campaign-05
2021-02-15,790,google,cpc,campaign-01
2021-02-15,791,google,cpc,campaign-02
2021-02-15,792,naver,display,campaign-03
2021-02-15,793,google,blog,campaign-05
2021-02-15,794,naver,blog,campaign-05
2021-02-15,795,naver,blog,campaign-01
2021-02-15,796,google,display,campaign-02
2021-02-15,797,google,cpc,campaign-04
2021-02-15,798,naver,blog,campaign-02
2021-02-15,799,naver,blog,campaign-02
2021-02-15,800,google,display,campaign-01
2021-02-15,801,google,cpc,campaign-02
2021-02-15,802,google,blog,campaign-04
2021-02-15,803,google,blog,campaign-05
2021-02-15,804,naver,blog,campaign-04
2021-02-15,805,google,cpc,campaign-01
2021-02-15,806,google,blog,campaign-05
2021-02-15,807,google,display,campaign-04
2021-02-15,808,google,display,campaign-04
2021-02-15,809,naver,cpc,campaign-03
2021-02-15,810,google,cpc,campaign-01
2021-02-15,811,google,cpc,campaign-04
2021-02-15,812,naver,blog,campaign-03
2021-02-15,813,google,cpc,campaign-02
2021-02-15,814,naver,blog,campaign-01
2021-02-15,815,naver,cpc,campaign-03
2021-02-15,816,naver,cpc,campaign-01
2021-02-16,817,google,blog,campaign-04
2021-02-16,818,google,display,campaign-03
2021-02-16,819,naver,blog,campaign-02
2021-02-16,820,naver,cpc,campaign-02
2021-02-16,821,google,cpc,campaign-04
2021-02-16,822,naver,display,campaign-03
2021-02-16,823,naver,blog,campaign-02
2021-02-16,824,naver,blog,campaign-01
2021-02-16,825,google,display,campaign-05
2021-02-16,826,naver,display,campaign-02
2021-02-16,827,naver,blog,campaign-04
2021-02-16,828,naver,display,campaign-04
2021-02-16,829,naver,blog,campaign-04
2021-02-16,830,google,blog,campaign-03
2021-02-16,831,google,cpc,campaign-04
2021-02-16,832,naver,display,campaign-05
2021-02-16,833,google,display,campaign-04
2021-02-16,834,google,blog,campaign-01
2021-02-16,835,google,display,campaign-05
2021-02-16,836,naver,display,campaign-05
2021-02-16,837,google,display,campaign-02
2021-02-16,838,naver,display,campaign-02
2021-02-16,839,naver,display,campaign-04
2021-02-16,840,naver,blog,campaign-03
2021-02-16,841,naver,display,campaign-02
2021-02-16,842,google,blog,campaign-04
2021-02-17,843,naver,display,campaign-04
2021-02-17,844,naver,cpc,campaign-02
2021-02-17,845,google,cpc,campaign-02
2021-02-17,846,naver,cpc,campaign-02
2021-02-17,847,naver,cpc,campaign-02
2021-02-17,848,google,cpc,campaign-04
2021-02-17,849,naver,blog,campaign-05
2021-02-17,850,naver,display,campaign-05
2021-02-17,851,naver,blog,campaign-05
2021-02-17,852,google,cpc,campaign-03
2021-02-17,853,naver,display,campaign-01
2021-02-17,854,google,cpc,campaign-03
2021-02-17,855,google,display,campaign-03
2021-02-17,856,google,display,campaign-02
2021-02-17,857,naver,display,campaign-01
2021-02-17,858,naver,cpc,campaign-04
2021-02-17,859,google,blog,campaign-02
2021-02-17,860,google,blog,campaign-04
2021-02-17,861,google,cpc,campaign-01
2021-02-17,862,google,blog,campaign-01
2021-02-17,863,naver,blog,campaign-03
2021-02-17,864,naver,cpc,campaign-03
2021-02-17,865,google,blog,campaign-05
2021-02-17,866,naver,display,campaign-03
2021-02-17,867,google,blog,campaign-04
2021-02-17,868,naver,display,campaign-05
2021-02-17,869,naver,display,campaign-02
2021-02-17,870,google,display,campaign-01
2021-02-17,871,google,cpc,campaign-05
2021-02-17,872,naver,cpc,campaign-05
2021-02-17,873,naver,cpc,campaign-05
2021-02-17,874,naver,cpc,campaign-02
2021-02-17,875,naver,display,campaign-05
2021-02-18,876,google,display,campaign-01
2021-02-18,877,naver,display,campaign-05
2021-02-18,878,google,blog,campaign-01
2021-02-18,879,google,cpc,campaign-05
2021-02-18,880,naver,display,campaign-05
2021-02-18,881,google,blog,campaign-01
2021-02-18,882,google,cpc,campaign-04
2021-02-18,883,naver,cpc,campaign-04
2021-02-18,884,google,display,campaign-01
2021-02-18,885,naver,blog,campaign-04
2021-02-18,886,naver,blog,campaign-05
2021-02-18,887,naver,blog,campaign-04
2021-02-18,888,google,display,campaign-04
2021-02-18,889,naver,display,campaign-03
2021-02-18,890,naver,display,campaign-05
2021-02-18,891,google,blog,campaign-04
2021-02-18,892,naver,blog,campaign-03
2021-02-18,893,google,blog,campaign-03
2021-02-18,894,naver,blog,campaign-05
2021-02-18,895,google,cpc,campaign-01
2021-02-18,896,naver,cpc,campaign-02
2021-02-18,897,naver,blog,campaign-05
2021-02-18,898,naver,blog,campaign-01
2021-02-18,899,google,blog,campaign-02
2021-02-18,900,google,cpc,campaign-03
2021-02-18,901,google,blog,campaign-02
2021-02-18,902,naver,blog,campaign-04
2021-02-18,903,google,display,campaign-04
2021-02-18,904,naver,cpc,campaign-02
2021-02-18,905,google,display,campaign-04
2021-02-18,906,naver,cpc,campaign-05
2021-02-18,907,naver,display,campaign-03
2021-02-18,908,google,cpc,campaign-04
2021-02-18,909,google,cpc,campaign-02
2021-02-18,910,naver,display,campaign-05
2021-02-18,911,naver,display,campaign-03
2021-02-18,912,google,blog,campaign-01
2021-02-18,913,google,blog,campaign-04
2021-02-18,914,naver,display,campaign-03
2021-02-19,915,naver,display,campaign-04
2021-02-19,916,naver,display,campaign-03
2021-02-19,917,google,blog,campaign-01
2021-02-19,918,google,cpc,campaign-03
2021-02-19,919,naver,display,campaign-01
2021-02-19,920,google,blog,campaign-03
2021-02-19,921,naver,blog,campaign-03
2021-02-19,922,naver,cpc,campaign-04
2021-02-19,923,google,blog,campaign-01
2021-02-19,924,google,cpc,campaign-04
2021-02-19,925,google,cpc,campaign-04
2021-02-19,926,google,blog,campaign-03
2021-02-19,927,google,blog,campaign-04
2021-02-19,928,google,display,campaign-01
2021-02-19,929,naver,cpc,campaign-01
2021-02-19,930,naver,cpc,campaign-02
2021-02-19,931,naver,display,campaign-03
2021-02-19,932,naver,blog,campaign-02
2021-02-19,933,google,cpc,campaign-02
2021-02-19,934,google,blog,campaign-03
2021-02-19,935,google,display,campaign-03
2021-02-19,936,naver,blog,campaign-01
2021-02-19,937,google,display,campaign-05
2021-02-19,938,naver,display,campaign-03
2021-02-19,939,naver,cpc,campaign-01
2021-02-19,940,naver,cpc,campaign-02
2021-02-19,941,google,display,campaign-04
2021-02-19,942,google,display,campaign-01
2021-02-19,943,google,blog,campaign-04
2021-02-19,944,naver,display,campaign-02
2021-02-19,945,google,blog,campaign-03
2021-02-19,946,google,display,campaign-01
2021-02-20,947,google,cpc,campaign-03
2021-02-20,948,google,cpc,campaign-03
2021-02-20,949,google,display,campaign-04
2021-02-20,950,google,display,campaign-02
2021-02-20,951,google,blog,campaign-01
2021-02-20,952,naver,cpc,campaign-03
2021-02-20,953,naver,display,campaign-03
2021-02-20,954,naver,display,campaign-04
2021-02-20,955,naver,cpc,campaign-03
2021-02-20,956,naver,cpc,campaign-05
2021-02-20,957,naver,blog,campaign-04
2021-02-20,958,naver,blog,campaign-03
2021-02-20,959,naver,display,campaign-04
2021-02-20,960,google,display,campaign-02
2021-02-20,961,naver,cpc,campaign-02
2021-02-20,962,google,display,campaign-04
2021-02-20,963,naver,blog,campaign-01
2021-02-20,964,naver,cpc,campaign-01
2021-02-20,965,google,blog,campaign-02
2021-02-20,966,naver,blog,campaign-03
2021-02-20,967,google,cpc,campaign-02
2021-02-20,968,google,display,campaign-03
2021-02-20,969,naver,cpc,campaign-03
2021-02-20,970,google,cpc,campaign-03
2021-02-20,971,google,cpc,campaign-03
2021-02-20,972,google,cpc,campaign-03
2021-02-20,973,google,cpc,campaign-02
2021-02-20,974,google,cpc,campaign-02
2021-02-20,975,naver,blog,campaign-05
2021-02-20,976,naver,cpc,campaign-05
2021-02-20,977,naver,cpc,campaign-03
2021-02-20,978,google,cpc,campaign-05
2021-02-21,979,naver,blog,campaign-02
2021-02-21,980,naver,blog,campaign-03
2021-02-21,981,google,blog,campaign-05
2021-02-21,982,naver,blog,campaign-03
2021-02-21,983,naver,display,campaign-03
2021-02-21,984,google,display,campaign-01
2021-02-21,985,google,blog,campaign-01
2021-02-21,986,google,display,campaign-03
2021-02-21,987,naver,display,campaign-03
2021-02-21,988,google,blog,campaign-05
2021-02-21,989,naver,display,campaign-01
2021-02-21,990,naver,cpc,campaign-04
2021-02-21,991,google,display,campaign-02
2021-02-21,992,naver,display,campaign-02
2021-02-21,993,naver,blog,campaign-03
2021-02-21,994,google,blog,campaign-05
2021-02-21,995,google,cpc,campaign-01
2021-02-21,996,google,cpc,campaign-04
2021-02-21,997,google,cpc,campaign-04
2021-02-21,998,google,cpc,campaign-05
2021-02-21,999,google,cpc,campaign-03
2021-02-21,1000,naver,display,campaign-01
2021-02-21,1001,naver,blog,campaign-03
2021-02-21,1002,google,display,campaign-05
2021-02-21,1003,google,cpc,campaign-03
2021-02-21,1004,google,display,campaign-03
2021-02-21,1005,google,cpc,campaign-01
2021-02-21,1006,google,cpc,campaign-05
2021-02-21,1007,google,blog,campaign-01
2021-02-21,1008,naver,display,campaign-01
2021-02-21,1009,naver,cpc,campaign-03
2021-02-21,1010,naver,cpc,campaign-03
2021-02-22,1011,google,cpc,campaign-02
2021-02-22,1012,google,display,campaign-05
2021-02-22,1013,google,blog,campaign-02
2021-02-22,1014,naver,display,campaign-03
2021-02-22,1015,naver,cpc,campaign-04
2021-02-22,1016,google,blog,campaign-03
2021-02-22,1017,google,display,campaign-02
2021-02-22,1018,google,blog,campaign-04
2021-02-22,1019,naver,display,campaign-02
2021-02-22,1020,naver,cpc,campaign-01
2021-02-22,1021,google,display,campaign-03
2021-02-22,1022,google,display,campaign-04
2021-02-22,1023,naver,cpc,campaign-02
2021-02-22,1024,google,display,campaign-02
2021-02-22,1025,google,cpc,campaign-04
2021-02-22,1026,google,blog,campaign-04
2021-02-22,1027,google,blog,campaign-01
2021-02-22,1028,naver,display,campaign-03
2021-02-22,1029,naver,blog,campaign-03
2021-02-22,1030,google,cpc,campaign-03
2021-02-22,1031,google,blog,campaign-02
2021-02-22,1032,naver,cpc,campaign-02
2021-02-22,1033,google,cpc,campaign-02
2021-02-22,1034,naver,cpc,campaign-02
2021-02-22,1035,google,display,campaign-03
2021-02-22,1036,naver,blog,campaign-01
2021-02-22,1037,google,blog,campaign-01
2021-02-23,1038,naver,cpc,campaign-03
2021-02-23,1039,naver,cpc,campaign-05
2021-02-23,1040,google,cpc,campaign-02
2021-02-23,1041,google,cpc,campaign-02
2021-02-23,1042,naver,cpc,campaign-05
2021-02-23,1043,google,cpc,campaign-03
2021-02-23,1044,naver,display,campaign-01
2021-02-23,1045,naver,display,campaign-03
2021-02-23,1046,google,blog,campaign-04
2021-02-23,1047,naver,blog,campaign-01
2021-02-23,1048,google,blog,campaign-01
2021-02-23,1049,google,cpc,campaign-03
2021-02-23,1050,naver,cpc,campaign-04
2021-02-23,1051,naver,display,campaign-03
2021-02-23,1052,google,display,campaign-03
2021-02-23,1053,google,cpc,campaign-04
2021-02-23,1054,google,blog,campaign-05
2021-02-23,1055,google,display,campaign-03
2021-02-23,1056,google,blog,campaign-04
2021-02-23,1057,naver,display,campaign-03
2021-02-23,1058,naver,blog,campaign-02
2021-02-23,1059,naver,blog,campaign-03
2021-02-23,1060,google,blog,campaign-03
2021-02-23,1061,naver,display,campaign-01
2021-02-23,1062,naver,cpc,campaign-04
2021-02-24,1063,naver,cpc,campaign-02
2021-02-24,1064,google,display,campaign-03
2021-02-24,1065,naver,cpc,campaign-05
2021-02-24,1066,google,blog,campaign-04
2021-02-24,1067,google,cpc,campaign-04
2021-02-24,1068,naver,blog,campaign-05
2021-02-24,1069,google,cpc,campaign-04
2021-02-24,1070,google,cpc,campaign-02
2021-02-24,1071,naver,cpc,campaign-04
2021-02-24,1072,naver,display,campaign-03
2021-02-24,1073,google,blog,campaign-05
2021-02-24,1074,google,cpc,campaign-03
2021-02-24,1075,naver,blog,campaign-05
2021-02-24,1076,naver,display,campaign-05
2021-02-24,1077,naver,blog,campaign-04
2021-02-24,1078,naver,cpc,campaign-04
2021-02-24,1079,google,cpc,campaign-05
2021-02-24,1080,naver,blog,campaign-02
2021-02-24,1081,google,blog,campaign-01
2021-02-24,1082,naver,blog,campaign-05
2021-02-24,1083,google,display,campaign-05
2021-02-24,1084,naver,display,campaign-04
2021-02-24,1085,google,display,campaign-02
2021-02-24,1086,google,display,campaign-01
2021-02-24,1087,naver,cpc,campaign-02
2021-02-24,1088,google,cpc,campaign-01
2021-02-24,1089,google,blog,campaign-05
2021-02-24,1090,naver,blog,campaign-01
2021-02-24,1091,naver,cpc,campaign-01
2021-02-24,1092,naver,blog,campaign-04
2021-02-24,1093,google,display,campaign-03
2021-02-24,1094,google,blog,campaign-05
2021-02-24,1095,naver,display,campaign-03
2021-02-25,1096,google,blog,campaign-01
2021-02-25,1097,google,cpc,campaign-05
2021-02-25,1098,google,display,campaign-02
2021-02-25,1099,naver,cpc,campaign-04
2021-02-25,1100,naver,blog,campaign-04
2021-02-25,1101,naver,blog,campaign-03
2021-02-25,1102,google,cpc,campaign-02
2021-02-25,1103,naver,display,campaign-04
2021-02-25,1104,naver,cpc,campaign-02
2021-02-25,1105,google,display,campaign-03
2021-02-25,1106,naver,blog,campaign-01
2021-02-25,1107,google,blog,campaign-05
2021-02-25,1108,naver,display,campaign-01
2021-02-25,1109,naver,display,campaign-02
2021-02-25,1110,naver,blog,campaign-04
2021-02-25,1111,google,blog,campaign-05
2021-02-25,1112,naver,blog,campaign-01
2021-02-25,1113,google,display,campaign-03
2021-02-25,1114,naver,display,campaign-03
2021-02-25,1115,naver,display,campaign-04
2021-02-25,1116,google,blog,campaign-01
2021-02-25,1117,naver,cpc,campaign-02
2021-02-25,1118,naver,display,campaign-04
2021-02-25,1119,naver,display,campaign-04
2021-02-25,1120,naver,blog,campaign-03
2021-02-25,1121,google,cpc,campaign-01
2021-02-25,1122,naver,cpc,campaign-01
2021-02-25,1123,google,cpc,campaign-02
2021-02-25,1124,google,display,campaign-04
2021-02-25,1125,google,cpc,campaign-04
2021-02-26,1126,naver,display,campaign-05
2021-02-26,1127,google,display,campaign-02
2021-02-26,1128,google,blog,campaign-03
2021-02-26,1129,google,cpc,campaign-03
2021-02-26,1130,naver,display,campaign-01
2021-02-26,1131,google,blog,campaign-03
2021-02-26,1132,google,display,campaign-04
2021-02-26,1133,google,display,campaign-03
2021-02-26,1134,naver,cpc,campaign-05
2021-02-26,1135,google,display,campaign-03
2021-02-26,1136,naver,cpc,campaign-04
2021-02-26,1137,naver,display,campaign-04
2021-02-26,1138,naver,blog,campaign-02
2021-02-26,1139,google,cpc,campaign-02
2021-02-26,1140,naver,cpc,campaign-01
2021-02-26,1141,naver,blog,campaign-03
2021-02-26,1142,naver,blog,campaign-03
2021-02-26,1143,naver,blog,campaign-04
2021-02-26,1144,google,blog,campaign-01
2021-02-26,1145,naver,display,campaign-05
2021-02-26,1146,naver,cpc,campaign-03
2021-02-26,1147,naver,display,campaign-01
2021-02-26,1148,google,cpc,campaign-01
2021-02-26,1149,google,display,campaign-05
2021-02-26,1150,naver,blog,campaign-04
2021-02-26,1151,google,display,campaign-02
2021-02-26,1152,google,cpc,campaign-01
2021-02-26,1153,google,display,campaign-01
2021-02-26,1154,naver,cpc,campaign-03
2021-02-26,1155,google,display,campaign-04
2021-02-26,1156,google,cpc,campaign-04
2021-02-26,1157,naver,blog,campaign-01
2021-02-26,1158,naver,display,campaign-04
2021-02-26,1159,google,blog,campaign-05
2021-02-26,1160,google,cpc,campaign-04
2021-02-26,1161,google,display,campaign-05
2021-02-26,1162,naver,cpc,campaign-02
2021-02-27,1163,naver,blog,campaign-04
2021-02-27,1164,naver,display,campaign-04
2021-02-27,1165,google,cpc,campaign-04
2021-02-27,1166,google,blog,campaign-03
2021-02-27,1167,google,cpc,campaign-02
2021-02-27,1168,naver,blog,campaign-05
2021-02-27,1169,google,display,campaign-01
2021-02-27,1170,naver,blog,campaign-05
2021-02-27,1171,naver,cpc,campaign-02
2021-02-27,1172,google,display,campaign-02
2021-02-27,1173,google,blog,campaign-04
2021-02-27,1174,google,display,campaign-04
2021-02-27,1175,naver,blog,campaign-03
2021-02-27,1176,google,blog,campaign-05
2021-02-27,1177,google,blog,campaign-03
2021-02-27,1178,google,blog,campaign-02
2021-02-27,1179,naver,blog,campaign-05
2021-02-27,1180,google,display,campaign-01
2021-02-27,1181,google,blog,campaign-01
2021-02-27,1182,google,blog,campaign-05
2021-02-27,1183,naver,display,campaign-01
2021-02-27,1184,naver,blog,campaign-05
2021-02-27,1185,naver,cpc,campaign-04
2021-02-27,1186,google,cpc,campaign-02
2021-02-27,1187,naver,blog,campaign-04
2021-02-27,1188,google,cpc,campaign-04
2021-02-27,1189,google,blog,campaign-04
2021-02-27,1190,naver,blog,campaign-04
2021-02-27,1191,google,blog,campaign-01
2021-02-27,1192,google,display,campaign-03
2021-02-27,1193,google,blog,campaign-04
2021-02-27,1194,naver,blog,campaign-03
2021-02-27,1195,google,cpc,campaign-05
2021-02-28,1196,google,display,campaign-04
2021-02-28,1197,naver,display,campaign-03
2021-02-28,1198,google,cpc,campaign-01
2021-02-28,1199,google,blog,campaign-05
2021-02-28,1200,google,cpc,campaign-01
2021-02-28,1201,naver,blog,campaign-01
2021-02-28,1202,google,cpc,campaign-05
2021-02-28,1203,google,blog,campaign-02
2021-02-28,1204,google,display,campaign-02
2021-02-28,1205,google,display,campaign-04
2021-02-28,1206,naver,cpc,campaign-04
2021-02-28,1207,naver,blog,campaign-05
2021-02-28,1208,naver,display,campaign-05
2021-02-28,1209,naver,cpc,campaign-01
2021-02-28,1210,google,display,campaign-01
2021-02-28,1211,naver,blog,campaign-01
2021-02-28,1212,google,display,campaign-04
2021-02-28,1213,google,cpc,campaign-04
2021-02-28,1214,naver,blog,campaign-03
2021-02-28,1215,google,blog,campaign-05
2021-02-28,1216,naver,blog,campaign-02
2021-02-28,1217,naver,display,campaign-02
2021-02-28,1218,naver,blog,campaign-03
2021-02-28,1219,naver,cpc,campaign-01
2021-02-28,1220,google,display,campaign-05
2021-02-28,1221,google,display,campaign-01
2021-02-28,1222,naver,cpc,campaign-01
2021-02-28,1223,google,display,campaign-05
2021-02-28,1224,google,display,campaign-02
2021-03-01,1225,naver,cpc,campaign-04
2021-03-01,1226,google,cpc,campaign-04
2021-03-01,1227,google,display,campaign-02
2021-03-01,1228,google,display,campaign-05
2021-03-01,1229,naver,display,campaign-01
2021-03-01,1230,naver,display,campaign-05
2021-03-01,1231,google,cpc,campaign-05
2021-03-01,1232,google,cpc,campaign-01
2021-03-01,1233,naver,display,campaign-01
2021-03-01,1234,google,blog,campaign-01
2021-03-01,1235,google,blog,campaign-01
2021-03-01,1236,naver,cpc,campaign-05
2021-03-01,1237,naver,cpc,campaign-05
2021-03-01,1238,google,blog,campaign-03
2021-03-01,1239,naver,blog,campaign-01
2021-03-01,1240,google,cpc,campaign-05
2021-03-01,1241,naver,display,campaign-05
2021-03-01,1242,naver,blog,campaign-04
2021-03-01,1243,google,blog,campaign-01
2021-03-01,1244,google,cpc,campaign-03
2021-03-01,1245,naver,blog,campaign-05
2021-03-01,1246,naver,blog,campaign-04
2021-03-01,1247,google,cpc,campaign-02
2021-03-01,1248,naver,cpc,campaign-03
2021-03-01,1249,naver,cpc,campaign-04
2021-03-01,1250,naver,cpc,campaign-01
2021-03-01,1251,naver,display,campaign-04
2021-03-01,1252,google,blog,campaign-03
2021-03-01,1253,naver,display,campaign-01
2021-03-01,1254,google,display,campaign-02
2021-03-01,1255,google,display,campaign-04
2021-03-01,1256,google,blog,campaign-04
2021-03-01,1257,google,display,campaign-01
2021-03-01,1258,naver,blog,campaign-03
2021-03-01,1259,google,blog,campaign-01
2021-03-01,1260,naver,cpc,campaign-04
2021-03-01,1261,google,display,campaign-05
2021-03-01,1262,google,display,campaign-05
2021-03-01,1263,naver,blog,campaign-01
2021-03-01,1264,naver,blog,campaign-05
2021-03-01,1265,google,display,campaign-02
2021-03-02,1266,naver,display,campaign-02
2021-03-02,1267,naver,display,campaign-02
2021-03-02,1268,google,cpc,campaign-04
2021-03-02,1269,google,display,campaign-03
2021-03-02,1270,naver,cpc,campaign-04
2021-03-02,1271,naver,display,campaign-03
2021-03-02,1272,google,display,campaign-03
2021-03-02,1273,google,blog,campaign-02
2021-03-02,1274,naver,blog,campaign-03
2021-03-02,1275,google,display,campaign-05
2021-03-02,1276,google,blog,campaign-04
2021-03-02,1277,google,display,campaign-04
2021-03-02,1278,naver,cpc,campaign-04
2021-03-02,1279,google,blog,campaign-05
2021-03-02,1280,naver,display,campaign-04
2021-03-02,1281,google,blog,campaign-03
2021-03-02,1282,google,display,campaign-04
2021-03-02,1283,google,cpc,campaign-02
2021-03-02,1284,naver,blog,campaign-01
2021-03-02,1285,google,cpc,campaign-02
2021-03-02,1286,google,cpc,campaign-05
2021-03-02,1287,google,cpc,campaign-01
2021-03-02,1288,naver,display,campaign-02
2021-03-02,1289,google,display,campaign-01
2021-03-02,1290,google,display,campaign-02
2021-03-02,1291,google,cpc,campaign-03
2021-03-02,1292,naver,display,campaign-01
2021-03-02,1293,google,blog,campaign-05
2021-03-02,1294,google,blog,campaign-04
2021-03-02,1295,naver,blog,campaign-03
2021-03-02,1296,google,display,campaign-01
2021-03-02,1297,naver,display,campaign-04
2021-03-02,1298,google,display,campaign-02
2021-03-03,1299,naver,display,campaign-04
2021-03-03,1300,naver,cpc,campaign-05
2021-03-03,1301,naver,cpc,campaign-01
2021-03-03,1302,naver,blog,campaign-01
2021-03-03,1303,naver,cpc,campaign-04
2021-03-03,1304,naver,cpc,campaign-04
2021-03-03,1305,google,blog,campaign-02
2021-03-03,1306,naver,cpc,campaign-05
2021-03-03,1307,naver,blog,campaign-04
2021-03-03,1308,naver,cpc,campaign-01
2021-03-03,1309,google,blog,campaign-04
2021-03-03,1310,naver,blog,campaign-03
2021-03-03,1311,naver,display,campaign-05
2021-03-03,1312,naver,cpc,campaign-04
2021-03-03,1313,naver,blog,campaign-03
2021-03-03,1314,google,display,campaign-01
2021-03-03,1315,naver,cpc,campaign-02
2021-03-03,1316,google,cpc,campaign-05
2021-03-03,1317,naver,display,campaign-03
2021-03-03,1318,naver,display,campaign-04
2021-03-03,1319,google,display,campaign-04
2021-03-03,1320,naver,display,campaign-04
2021-03-03,1321,google,display,campaign-04
2021-03-03,1322,google,blog,campaign-04
2021-03-03,1323,naver,blog,campaign-04
2021-03-03,1324,google,display,campaign-03
2021-03-03,1325,google,blog,campaign-02
2021-03-03,1326,google,display,campaign-05
2021-03-03,1327,google,cpc,campaign-03
2021-03-04,1328,google,cpc,campaign-04
2021-03-04,1329,google,cpc,campaign-05
2021-03-04,1330,naver,blog,campaign-02
2021-03-04,1331,google,display,campaign-04
2021-03-04,1332,google,display,campaign-01
2021-03-04,1333,google,blog,campaign-04
2021-03-04,1334,naver,display,campaign-05
2021-03-04,1335,naver,cpc,campaign-05
2021-03-04,1336,naver,cpc,campaign-01
2021-03-04,1337,naver,blog,campaign-05
2021-03-04,1338,naver,cpc,campaign-04
2021-03-04,1339,google,blog,campaign-01
2021-03-04,1340,naver,blog,campaign-01
2021-03-04,1341,google,display,campaign-03
2021-03-04,1342,google,blog,campaign-01
2021-03-04,1343,google,blog,campaign-01
2021-03-04,1344,google,cpc,campaign-04
2021-03-04,1345,google,cpc,campaign-01
2021-03-04,1346,google,display,campaign-03
2021-03-04,1347,naver,cpc,campaign-05
2021-03-04,1348,google,display,campaign-04
2021-03-04,1349,google,blog,campaign-04
2021-03-04,1350,naver,display,campaign-03
2021-03-04,1351,naver,display,campaign-04
2021-03-04,1352,google,blog,campaign-04
2021-03-04,1353,google,blog,campaign-05
2021-03-04,1354,google,cpc,campaign-01
2021-03-04,1355,naver,display,campaign-02
2021-03-04,1356,naver,display,campaign-03
2021-03-05,1357,google,blog,campaign-05
2021-03-05,1358,google,blog,campaign-01
2021-03-05,1359,google,cpc,campaign-02
2021-03-05,1360,google,blog,campaign-01
2021-03-05,1361,google,cpc,campaign-02
2021-03-05,1362,naver,cpc,campaign-02
2021-03-05,1363,naver,cpc,campaign-02
2021-03-05,1364,google,cpc,campaign-01
2021-03-05,1365,google,cpc,campaign-04
2021-03-05,1366,google,blog,campaign-04
2021-03-05,1367,naver,cpc,campaign-01
2021-03-05,1368,google,display,campaign-02
2021-03-05,1369,google,blog,campaign-04
2021-03-05,1370,naver,display,campaign-01
2021-03-05,1371,google,blog,campaign-04
2021-03-05,1372,google,blog,campaign-02
2021-03-05,1373,google,display,campaign-05
2021-03-05,1374,google,blog,campaign-05
2021-03-05,1375,google,display,campaign-05
2021-03-05,1376,naver,cpc,campaign-04
2021-03-05,1377,google,cpc,campaign-02
2021-03-05,1378,naver,display,campaign-04
2021-03-05,1379,naver,display,campaign-05
2021-03-05,1380,google,display,campaign-05
2021-03-05,1381,google,cpc,campaign-05
2021-03-05,1382,naver,display,campaign-01
2021-03-05,1383,google,blog,campaign-01
2021-03-05,1384,google,blog,campaign-04
2021-03-05,1385,google,cpc,campaign-02
2021-03-05,1386,naver,cpc,campaign-05
2021-03-05,1387,naver,display,campaign-05
2021-03-05,1388,naver,blog,campaign-01
2021-03-05,1389,google,cpc,campaign-05
2021-03-05,1390,google,display,campaign-05
2021-03-05,1391,google,cpc,campaign-03
2021-03-05,1392,google,blog,campaign-03
2021-03-06,1393,naver,blog,campaign-04
2021-03-06,1394,google,cpc,campaign-02
2021-03-06,1395,google,display,campaign-05
2021-03-06,1396,naver,cpc,campaign-03
2021-03-06,1397,google,display,campaign-04
2021-03-06,1398,google,cpc,campaign-02
2021-03-06,1399,google,display,campaign-02
2021-03-06,1400,naver,cpc,campaign-01
2021-03-06,1401,google,blog,campaign-04
2021-03-06,1402,google,display,campaign-01
2021-03-06,1403,naver,cpc,campaign-03
2021-03-06,1404,google,cpc,campaign-05
2021-03-06,1405,google,blog,campaign-01
2021-03-06,1406,google,display,campaign-03
2021-03-06,1407,naver,display,campaign-05
2021-03-06,1408,google,blog,campaign-02
2021-03-06,1409,naver,blog,campaign-04
2021-03-06,1410,google,blog,campaign-03
2021-03-06,1411,naver,display,campaign-03
2021-03-06,1412,google,blog,campaign-04
2021-03-06,1413,google,display,campaign-01
2021-03-06,1414,naver,blog,campaign-02
2021-03-06,1415,naver,cpc,campaign-02
2021-03-06,1416,google,display,campaign-05
2021-03-06,1417,google,cpc,campaign-02
2021-03-06,1418,naver,cpc,campaign-04
2021-03-06,1419,naver,blog,campaign-01
2021-03-06,1420,google,cpc,campaign-04
2021-03-06,1421,google,display,campaign-03
2021-03-06,1422,naver,display,campaign-02
2021-03-06,1423,google,display,campaign-01
2021-03-07,1424,google,cpc,campaign-05
2021-03-07,1425,naver,cpc,campaign-01
2021-03-07,1426,google,blog,campaign-04
2021-03-07,1427,naver,display,campaign-04
2021-03-07,1428,naver,display,campaign-03
2021-03-07,1429,google,blog,campaign-05
2021-03-07,1430,google,blog,campaign-05
2021-03-07,1431,google,display,campaign-03
2021-03-07,1432,google,display,campaign-02
2021-03-07,1433,google,blog,campaign-02
2021-03-07,1434,naver,display,campaign-03
2021-03-07,1435,naver,blog,campaign-02
2021-03-07,1436,google,cpc,campaign-02
2021-03-07,1437,google,cpc,campaign-01
2021-03-07,1438,google,cpc,campaign-04
2021-03-07,1439,naver,cpc,campaign-05
2021-03-07,1440,google,blog,campaign-01
2021-03-07,1441,naver,display,campaign-03
2021-03-07,1442,google,cpc,campaign-02
2021-03-07,1443,naver,display,campaign-03
2021-03-07,1444,naver,display,campaign-04
2021-03-07,1445,naver,display,campaign-05
2021-03-07,1446,google,blog,campaign-03
2021-03-07,1447,naver,blog,campaign-05
2021-03-07,1448,google,display,campaign-04
2021-03-07,1449,google,cpc,campaign-04
2021-03-07,1450,google,display,campaign-02
2021-03-07,1451,naver,display,campaign-05
2021-03-07,1452,google,cpc,campaign-05
2021-03-07,1453,naver,blog,campaign-01
2021-03-07,1454,google,display,campaign-05
2021-03-07,1455,google,cpc,campaign-02
2021-03-07,1456,google,blog,campaign-05
2021-03-07,1457,naver,display,campaign-02
2021-03-07,1458,google,blog,campaign-04
2021-03-08,1459,naver,cpc,campaign-01
2021-03-08,1460,naver,blog,campaign-05
2021-03-08,1461,google,blog,campaign-04
2021-03-08,1462,google,blog,campaign-03
2021-03-08,1463,naver,blog,campaign-04
2021-03-08,1464,google,blog,campaign-05
2021-03-08,1465,google,blog,campaign-04
2021-03-08,1466,naver,blog,campaign-02
2021-03-08,1467,naver,blog,campaign-02
2021-03-08,1468,naver,display,campaign-05
2021-03-08,1469,google,cpc,campaign-04
2021-03-08,1470,google,display,campaign-01
2021-03-08,1471,naver,blog,campaign-02
2021-03-08,1472,naver,blog,campaign-05
2021-03-08,1473,naver,display,campaign-04
2021-03-08,1474,google,display,campaign-02
2021-03-08,1475,naver,blog,campaign-01
2021-03-08,1476,naver,blog,campaign-03
2021-03-08,1477,google,blog,campaign-03
2021-03-08,1478,google,cpc,campaign-02
2021-03-08,1479,naver,display,campaign-04
2021-03-08,1480,google,blog,campaign-01
2021-03-08,1481,google,cpc,campaign-04
2021-03-08,1482,naver,blog,campaign-02
2021-03-08,1483,naver,blog,campaign-03
2021-03-08,1484,naver,cpc,campaign-05
2021-03-08,1485,google,blog,campaign-02
2021-03-08,1486,naver,display,campaign-05
2021-03-08,1487,naver,cpc,campaign-03
2021-03-08,1488,google,cpc,campaign-02
2021-03-08,1489,google,display,campaign-05
2021-03-08,1490,naver,blog,campaign-03
2021-03-08,1491,google,display,campaign-01
2021-03-08,1492,naver,blog,campaign-05
2021-03-08,1493,naver,display,campaign-01
2021-03-08,1494,google,display,campaign-05
2021-03-08,1495,naver,blog,campaign-05
2021-03-08,1496,naver,blog,campaign-05
2021-03-09,1497,google,blog,campaign-01
2021-03-09,1498,naver,blog,campaign-01
2021-03-09,1499,google,display,campaign-03
2021-03-09,1500,naver,cpc,campaign-02
2021-03-09,1501,google,display,campaign-02
2021-03-09,1502,google,display,campaign-05
2021-03-09,1503,naver,display,campaign-01
2021-03-09,1504,naver,cpc,campaign-04
2021-03-09,1505,naver,cpc,campaign-01
2021-03-09,1506,google,display,campaign-04
2021-03-09,1507,naver,display,campaign-05
2021-03-09,1508,google,display,campaign-01
2021-03-09,1509,google,cpc,campaign-05
2021-03-09,1510,naver,cpc,campaign-02
2021-03-09,1511,naver,blog,campaign-04
2021-03-09,1512,google,blog,campaign-04
2021-03-09,1513,naver,blog,campaign-05
2021-03-09,1514,naver,blog,campaign-01
2021-03-09,1515,naver,blog,campaign-03
2021-03-09,1516,google,blog,campaign-02
2021-03-09,1517,naver,blog,campaign-04
2021-03-09,1518,naver,display,campaign-05
2021-03-09,1519,google,display,campaign-01
2021-03-09,1520,naver,blog,campaign-05
2021-03-09,1521,naver,blog,campaign-01
2021-03-09,1522,naver,cpc,campaign-02
2021-03-09,1523,naver,display,campaign-04
2021-03-09,1524,naver,display,campaign-01
2021-03-09,1525,google,cpc,campaign-04
2021-03-09,1526,google,blog,campaign-01
2021-03-09,1527,google,blog,campaign-05
2021-03-09,1528,google,cpc,campaign-04
2021-03-10,1529,naver,cpc,campaign-01
2021-03-10,1530,naver,blog,campaign-03
2021-03-10,1531,naver,blog,campaign-04
2021-03-10,1532,google,blog,campaign-01
2021-03-10,1533,google,display,campaign-02
2021-03-10,1534,naver,cpc,campaign-03
2021-03-10,1535,google,display,campaign-05
2021-03-10,1536,naver,blog,campaign-01
2021-03-10,1537,google,blog,campaign-03
2021-03-10,1538,naver,cpc,campaign-04
2021-03-10,1539,naver,cpc,campaign-05
2021-03-10,1540,naver,display,campaign-04
2021-03-10,1541,naver,blog,campaign-01
2021-03-10,1542,google,display,campaign-04
2021-03-10,1543,naver,cpc,campaign-02
2021-03-10,1544,google,display,campaign-04
2021-03-10,1545,google,blog,campaign-02
2021-03-10,1546,google,cpc,campaign-03
2021-03-10,1547,google,cpc,campaign-03
2021-03-10,1548,google,display,campaign-02
2021-03-10,1549,google,display,campaign-03
2021-03-10,1550,naver,cpc,campaign-02
2021-03-10,1551,naver,display,campaign-01
2021-03-10,1552,google,blog,campaign-03
2021-03-10,1553,google,cpc,campaign-04
2021-03-10,1554,google,cpc,campaign-01
2021-03-10,1555,naver,cpc,campaign-04
2021-03-10,1556,google,blog,campaign-05
2021-03-10,1557,google,display,campaign-03
2021-03-10,1558,google,display,campaign-05
2021-03-10,1559,google,cpc,campaign-02
2021-03-10,1560,google,display,campaign-03
2021-03-10,1561,google,blog,campaign-03
2021-03-11,1562,naver,display,campaign-05
2021-03-11,1563,google,blog,campaign-05
2021-03-11,1564,google,cpc,campaign-04
2021-03-11,1565,google,display,campaign-03
2021-03-11,1566,naver,cpc,campaign-01
2021-03-11,1567,google,cpc,campaign-02
2021-03-11,1568,google,cpc,campaign-03
2021-03-11,1569,google,blog,campaign-04
2021-03-11,1570,naver,blog,campaign-04
2021-03-11,1571,naver,blog,campaign-04
2021-03-11,1572,google,display,campaign-02
2021-03-11,1573,naver,blog,campaign-02
2021-03-11,1574,google,display,campaign-04
2021-03-11,1575,google,cpc,campaign-05
2021-03-11,1576,google,blog,campaign-03
2021-03-11,1577,naver,blog,campaign-03
2021-03-11,1578,google,blog,campaign-05
2021-03-11,1579,google,display,campaign-03
2021-03-11,1580,google,display,campaign-04
2021-03-11,1581,google,display,campaign-03
2021-03-11,1582,naver,cpc,campaign-01
2021-03-11,1583,naver,cpc,campaign-04
2021-03-11,1584,google,display,campaign-01
2021-03-11,1585,naver,cpc,campaign-03
2021-03-11,1586,naver,display,campaign-03
2021-03-11,1587,naver,display,campaign-02
2021-03-11,1588,google,display,campaign-05
2021-03-11,1589,naver,blog,campaign-05
2021-03-11,1590,naver,blog,campaign-04
2021-03-11,1591,google,display,campaign-02
2021-03-11,1592,naver,blog,campaign-05
2021-03-11,1593,google,display,campaign-04
2021-03-11,1594,naver,cpc,campaign-03
2021-03-11,1595,google,blog,campaign-04
2021-03-11,1596,naver,display,campaign-05
2021-03-11,1597,google,cpc,campaign-04
2021-03-11,1598,naver,cpc,campaign-03
2021-03-11,1599,naver,display,campaign-05
2021-03-11,1600,google,cpc,campaign-04
2021-03-11,1601,google,display,campaign-05
2021-03-11,1602,naver,blog,campaign-05
2021-03-11,1603,naver,blog,campaign-05
2021-03-12,1604,google,display,campaign-01
2021-03-12,1605,naver,blog,campaign-02
2021-03-12,1606,naver,display,campaign-02
2021-03-12,1607,naver,cpc,campaign-02
2021-03-12,1608,naver,cpc,campaign-03
2021-03-12,1609,naver,display,campaign-03
2021-03-12,1610,google,blog,campaign-03
2021-03-12,1611,google,blog,campaign-02
2021-03-12,1612,google,blog,campaign-03
2021-03-12,1613,naver,blog,campaign-05
2021-03-12,1614,naver,blog,campaign-04
2021-03-12,1615,naver,display,campaign-04
2021-03-12,1616,naver,display,campaign-02
2021-03-12,1617,naver,display,campaign-02
2021-03-12,1618,naver,cpc,campaign-03
2021-03-12,1619,naver,blog,campaign-02
2021-03-12,1620,naver,display,campaign-04
2021-03-12,1621,naver,display,campaign-01
2021-03-12,1622,naver,cpc,campaign-04
2021-03-12,1623,google,display,campaign-04
2021-03-12,1624,google,display,campaign-03
2021-03-12,1625,google,cpc,campaign-01
2021-03-12,1626,google,display,campaign-01
2021-03-12,1627,naver,display,campaign-01
2021-03-12,1628,naver,display,campaign-03
2021-03-12,1629,naver,display,campaign-04
2021-03-12,1630,naver,blog,campaign-05
2021-03-12,1631,google,blog,campaign-02
2021-03-12,1632,google,display,campaign-02
2021-03-12,1633,google,cpc,campaign-03
2021-03-12,1634,naver,blog,campaign-02
2021-03-12,1635,naver,cpc,campaign-02
2021-03-12,1636,naver,blog,campaign-03
2021-03-12,1637,naver,display,campaign-03
2021-03-12,1638,google,blog,campaign-03
2021-03-13,1639,google,blog,campaign-02
2021-03-13,1640,naver,cpc,campaign-02
2021-03-13,1641,google,cpc,campaign-01
2021-03-13,1642,google,blog,campaign-04
2021-03-13,1643,naver,display,campaign-01
2021-03-13,1644,google,display,campaign-03
2021-03-13,1645,naver,display,campaign-05
2021-03-13,1646,google,display,campaign-01
2021-03-13,1647,naver,blog,campaign-02
2021-03-13,1648,google,cpc,campaign-03
2021-03-13,1649,naver,display,campaign-01
2021-03-13,1650,naver,blog,campaign-02
2021-03-13,1651,google,cpc,campaign-01
2021-03-13,1652,naver,cpc,campaign-01
2021-03-13,1653,google,cpc,campaign-05
2021-03-13,1654,naver,display,campaign-05
2021-03-13,1655,naver,cpc,campaign-01
2021-03-13,1656,naver,blog,campaign-01
2021-03-13,1657,naver,display,campaign-05
2021-03-13,1658,naver,display,campaign-04
2021-03-13,1659,google,cpc,campaign-03
2021-03-13,1660,naver,display,campaign-05
2021-03-13,1661,naver,display,campaign-03
2021-03-13,1662,google,display,campaign-04
2021-03-13,1663,google,blog,campaign-04
2021-03-13,1664,naver,blog,campaign-02
2021-03-13,1665,naver,cpc,campaign-04
2021-03-13,1666,naver,cpc,campaign-03
2021-03-13,1667,naver,display,campaign-04
2021-03-13,1668,naver,blog,campaign-04
2021-03-13,1669,google,blog,campaign-04
2021-03-13,1670,google,cpc,campaign-05
2021-03-13,1671,naver,cpc,campaign-03
2021-03-13,1672,naver,cpc,campaign-03
2021-03-13,1673,google,cpc,campaign-01
2021-03-14,1674,google,display,campaign-04
2021-03-14,1675,naver,display,campaign-04
2021-03-14,1676,naver,blog,campaign-01
2021-03-14,1677,google,cpc,campaign-03
2021-03-14,1678,google,cpc,campaign-03
2021-03-14,1679,naver,display,campaign-02
2021-03-14,1680,naver,cpc,campaign-04
2021-03-14,1681,naver,display,campaign-04
2021-03-14,1682,google,cpc,campaign-04
2021-03-14,1683,google,blog,campaign-05
2021-03-14,1684,google,display,campaign-05
2021-03-14,1685,google,display,campaign-05
2021-03-14,1686,google,display,campaign-05
2021-03-14,1687,naver,cpc,campaign-01
2021-03-14,1688,google,display,campaign-04
2021-03-14,1689,google,blog,campaign-05
2021-03-14,1690,naver,display,campaign-03
2021-03-14,1691,google,blog,campaign-05
2021-03-14,1692,google,blog,campaign-01
2021-03-14,1693,naver,display,campaign-01
2021-03-14,1694,naver,display,campaign-02
2021-03-14,1695,naver,display,campaign-05
2021-03-14,1696,google,display,campaign-02
2021-03-14,1697,naver,display,campaign-02
2021-03-14,1698,google,cpc,campaign-04
2021-03-14,1699,google,display,campaign-03
2021-03-14,1700,google,blog,campaign-01
2021-03-14,1701,google,display,campaign-05
2021-03-14,1702,google,display,campaign-05
2021-03-14,1703,naver,blog,campaign-05
2021-03-14,1704,google,blog,campaign-02
2021-03-14,1705,naver,display,campaign-03
2021-03-14,1706,google,blog,campaign-04
2021-03-14,1707,naver,blog,campaign-02
2021-03-14,1708,google,blog,campaign-05
2021-03-14,1709,naver,cpc,campaign-04
2021-03-14,1710,google,cpc,campaign-03
2021-03-14,1711,naver,cpc,campaign-05
2021-03-14,1712,naver,cpc,campaign-02
2021-03-14,1713,google,display,campaign-05
2021-03-15,1714,naver,blog,campaign-05
2021-03-15,1715,naver,display,campaign-01
2021-03-15,1716,google,display,campaign-05
2021-03-15,1717,naver,display,campaign-03
2021-03-15,1718,google,blog,campaign-03
2021-03-15,1719,naver,cpc,campaign-01
2021-03-15,1720,google,blog,campaign-05
2021-03-15,1721,naver,display,campaign-03
2021-03-15,1722,google,cpc,campaign-01
2021-03-15,1723,google,display,campaign-02
2021-03-15,1724,naver,cpc,campaign-04
2021-03-15,1725,google,display,campaign-01
2021-03-15,1726,naver,display,campaign-01
2021-03-15,1727,naver,cpc,campaign-03
2021-03-15,1728,naver,cpc,campaign-03
2021-03-15,1729,google,blog,campaign-02
2021-03-15,1730,naver,display,campaign-01
2021-03-15,1731,google,display,campaign-02
2021-03-15,1732,naver,display,campaign-02
2021-03-15,1733,google,blog,campaign-04
2021-03-15,1734,naver,cpc,campaign-01
2021-03-15,1735,google,display,campaign-04
2021-03-15,1736,google,cpc,campaign-04
2021-03-15,1737,google,cpc,campaign-01
2021-03-15,1738,naver,blog,campaign-05
2021-03-15,1739,naver,blog,campaign-01
2021-03-15,1740,naver,blog,campaign-01
2021-03-15,1741,naver,blog,campaign-05
2021-03-15,1742,naver,blog,campaign-05
2021-03-15,1743,google,cpc,campaign-01
2021-03-15,1744,google,display,campaign-04
2021-03-15,1745,google,blog,campaign-04
2021-03-15,1746,naver,display,campaign-04
2021-03-15,1747,naver,display,campaign-05
2021-03-15,1748,naver,cpc,campaign-01
2021-03-15,1749,google,display,campaign-03
2021-03-15,1750,naver,blog,campaign-04
2021-03-16,1751,naver,blog,campaign-01
2021-03-16,1752,naver,display,campaign-01
2021-03-16,1753,naver,cpc,campaign-03
2021-03-16,1754,naver,blog,campaign-04
2021-03-16,1755,naver,blog,campaign-03
2021-03-16,1756,naver,blog,campaign-05
2021-03-16,1757,google,cpc,campaign-01
2021-03-16,1758,naver,blog,campaign-05
2021-03-16,1759,google,cpc,campaign-02
2021-03-16,1760,google,cpc,campaign-03
2021-03-16,1761,google,display,campaign-01
2021-03-16,1762,google,blog,campaign-03
2021-03-16,1763,naver,display,campaign-02
2021-03-16,1764,google,display,campaign-03
2021-03-16,1765,google,display,campaign-03
2021-03-16,1766,google,blog,campaign-01
2021-03-16,1767,google,cpc,campaign-03
2021-03-16,1768,google,display,campaign-05
2021-03-16,1769,google,cpc,campaign-02
2021-03-16,1770,google,blog,campaign-04
2021-03-16,1771,naver,blog,campaign-03
2021-03-16,1772,google,cpc,campaign-05
2021-03-16,1773,naver,cpc,campaign-04
2021-03-16,1774,google,cpc,campaign-02
2021-03-16,1775,naver,cpc,campaign-05
2021-03-16,1776,google,cpc,campaign-03
2021-03-16,1777,naver,blog,campaign-05
2021-03-16,1778,google,display,campaign-02
2021-03-16,1779,naver,blog,campaign-01
2021-03-16,1780,naver,display,campaign-04
2021-03-16,1781,naver,blog,campaign-01
2021-03-16,1782,google,blog,campaign-02
2021-03-17,1783,naver,blog,campaign-03
2021-03-17,1784,naver,cpc,campaign-05
2021-03-17,1785,naver,display,campaign-05
2021-03-17,1786,naver,blog,campaign-02
2021-03-17,1787,google,cpc,campaign-03
2021-03-17,1788,naver,display,campaign-01
2021-03-17,1789,naver,cpc,campaign-04
2021-03-17,1790,google,blog,campaign-05
2021-03-17,1791,naver,cpc,campaign-04
2021-03-17,1792,google,cpc,campaign-02
2021-03-17,1793,google,display,campaign-03
2021-03-17,1794,google,blog,campaign-01
2021-03-17,1795,naver,display,campaign-04
2021-03-17,1796,naver,display,campaign-03
2021-03-17,1797,google,cpc,campaign-04
2021-03-17,1798,google,cpc,campaign-03
2021-03-17,1799,naver,cpc,campaign-04
2021-03-17,1800,naver,cpc,campaign-01
2021-03-17,1801,naver,blog,campaign-05
2021-03-17,1802,naver,blog,campaign-05
2021-03-17,1803,google,display,campaign-04
2021-03-17,1804,naver,blog,campaign-04
2021-03-17,1805,naver,display,campaign-01
2021-03-17,1806,naver,blog,campaign-01
2021-03-17,1807,naver,display,campaign-05
2021-03-17,1808,google,blog,campaign-04
2021-03-17,1809,google,blog,campaign-03
2021-03-17,1810,google,cpc,campaign-04
2021-03-17,1811,naver,blog,campaign-04
2021-03-17,1812,google,cpc,campaign-01
2021-03-17,1813,naver,blog,campaign-05
2021-03-17,1814,naver,cpc,campaign-05
2021-03-17,1815,naver,display,campaign-03
2021-03-17,1816,google,blog,campaign-03
2021-03-18,1817,naver,blog,campaign-02
2021-03-18,1818,google,blog,campaign-04
2021-03-18,1819,google,display,campaign-05
2021-03-18,1820,naver,cpc,campaign-03
2021-03-18,1821,google,blog,campaign-04
2021-03-18,1822,google,blog,campaign-02
2021-03-18,1823,naver,display,campaign-01
2021-03-18,1824,naver,display,campaign-02
2021-03-18,1825,google,blog,campaign-04
2021-03-18,1826,google,blog,campaign-05
2021-03-18,1827,google,blog,campaign-01
2021-03-18,1828,naver,cpc,campaign-02
2021-03-18,1829,google,blog,campaign-01
2021-03-18,1830,naver,blog,campaign-01
2021-03-18,1831,naver,cpc,campaign-05
2021-03-18,1832,google,cpc,campaign-02
2021-03-18,1833,google,cpc,campaign-04
2021-03-18,1834,naver,blog,campaign-03
2021-03-18,1835,naver,display,campaign-01
2021-03-18,1836,google,blog,campaign-02
2021-03-18,1837,google,cpc,campaign-05
2021-03-18,1838,naver,display,campaign-05
2021-03-18,1839,google,blog,campaign-01
2021-03-18,1840,naver,cpc,campaign-02
2021-03-18,1841,google,blog,campaign-05
2021-03-18,1842,google,cpc,campaign-01
2021-03-18,1843,naver,cpc,campaign-02
2021-03-18,1844,google,display,campaign-03
2021-03-18,1845,naver,cpc,campaign-05
2021-03-19,1846,google,cpc,campaign-01
2021-03-19,1847,naver,display,campaign-03
2021-03-19,1848,google,display,campaign-01
2021-03-19,1849,google,display,campaign-04
2021-03-19,1850,google,cpc,campaign-01
2021-03-19,1851,google,blog,campaign-02
2021-03-19,1852,naver,blog,campaign-04
2021-03-19,1853,naver,cpc,campaign-03
2021-03-19,1854,naver,blog,campaign-04
2021-03-19,1855,naver,display,campaign-01
2021-03-19,1856,google,cpc,campaign-04
2021-03-19,1857,google,cpc,campaign-05
2021-03-19,1858,naver,blog,campaign-01
2021-03-19,1859,google,display,campaign-04
2021-03-19,1860,naver,blog,campaign-03
2021-03-19,1861,naver,cpc,campaign-01
2021-03-19,1862,naver,display,campaign-01
2021-03-19,1863,google,display,campaign-04
2021-03-19,1864,naver,display,campaign-01
2021-03-19,1865,naver,display,campaign-05
2021-03-19,1866,google,blog,campaign-01
2021-03-19,1867,naver,display,campaign-01
2021-03-19,1868,google,display,campaign-01
2021-03-19,1869,google,display,campaign-02
2021-03-19,1870,google,cpc,campaign-04
2021-03-19,1871,google,blog,campaign-02
2021-03-19,1872,google,blog,campaign-04
2021-03-19,1873,google,display,campaign-03
2021-03-19,1874,naver,cpc,campaign-02
2021-03-19,1875,naver,blog,campaign-05
2021-03-20,1876,google,blog,campaign-04
2021-03-20,1877,naver,cpc,campaign-04
2021-03-20,1878,google,display,campaign-02
2021-03-20,1879,naver,display,campaign-02
2021-03-20,1880,naver,blog,campaign-05
2021-03-20,1881,naver,cpc,campaign-05
2021-03-20,1882,naver,cpc,campaign-01
2021-03-20,1883,naver,display,campaign-05
2021-03-20,1884,google,display,campaign-01
2021-03-20,1885,google,blog,campaign-05
2021-03-20,1886,google,cpc,campaign-01
2021-03-20,1887,naver,blog,campaign-05
2021-03-20,1888,naver,blog,campaign-05
2021-03-20,1889,google,blog,campaign-05
2021-03-20,1890,google,display,campaign-04
2021-03-20,1891,google,cpc,campaign-05
2021-03-20,1892,google,cpc,campaign-04
2021-03-20,1893,google,blog,campaign-04
2021-03-20,1894,naver,blog,campaign-03
2021-03-20,1895,google,display,campaign-05
2021-03-20,1896,naver,display,campaign-03
2021-03-20,1897,naver,blog,campaign-02
2021-03-20,1898,google,cpc,campaign-04
2021-03-20,1899,naver,display,campaign-05
2021-03-20,1900,google,cpc,campaign-04
2021-03-20,1901,google,blog,campaign-04
2021-03-20,1902,naver,cpc,campaign-05
2021-03-20,1903,google,cpc,campaign-05
2021-03-20,1904,naver,display,campaign-03
2021-03-20,1905,naver,blog,campaign-04
2021-03-20,1906,naver,display,campaign-03
2021-03-20,1907,google,cpc,campaign-03
2021-03-20,1908,naver,cpc,campaign-05
2021-03-20,1909,google,cpc,campaign-02
2021-03-21,1910,naver,cpc,campaign-02
2021-03-21,1911,naver,cpc,campaign-04
2021-03-21,1912,naver,cpc,campaign-04
2021-03-21,1913,google,blog,campaign-05
2021-03-21,1914,google,display,campaign-02
2021-03-21,1915,google,display,campaign-04
2021-03-21,1916,google,blog,campaign-04
2021-03-21,1917,naver,blog,campaign-03
2021-03-21,1918,google,blog,campaign-03
2021-03-21,1919,google,cpc,campaign-02
2021-03-21,1920,naver,cpc,campaign-04
2021-03-21,1921,google,blog,campaign-05
2021-03-21,1922,google,blog,campaign-04
2021-03-21,1923,google,cpc,campaign-04
2021-03-21,1924,naver,display,campaign-01
2021-03-21,1925,google,cpc,campaign-02
2021-03-21,1926,naver,cpc,campaign-02
2021-03-21,1927,google,cpc,campaign-01
2021-03-21,1928,naver,cpc,campaign-02
2021-03-21,1929,naver,display,campaign-03
2021-03-21,1930,naver,cpc,campaign-03
2021-03-21,1931,naver,display,campaign-04
2021-03-21,1932,google,display,campaign-04
2021-03-21,1933,naver,display,campaign-02
2021-03-21,1934,naver,display,campaign-01
2021-03-21,1935,naver,cpc,campaign-02
2021-03-21,1936,google,display,campaign-04
2021-03-21,1937,naver,blog,campaign-03
2021-03-21,1938,google,display,campaign-05
2021-03-21,1939,naver,cpc,campaign-05
2021-03-21,1940,google,display,campaign-05
2021-03-21,1941,naver,blog,campaign-01
2021-03-21,1942,google,cpc,campaign-01
2021-03-21,1943,google,display,campaign-04
2021-03-21,1944,google,display,campaign-02
2021-03-21,1945,google,blog,campaign-01
2021-03-21,1946,google,cpc,campaign-02
2021-03-21,1947,google,cpc,campaign-02
2021-03-21,1948,naver,blog,campaign-01
2021-03-21,1949,naver,cpc,campaign-04
2021-03-21,1950,naver,blog,campaign-01
2021-03-21,1951,google,cpc,campaign-04
2021-03-22,1952,naver,cpc,campaign-01
2021-03-22,1953,google,cpc,campaign-01
2021-03-22,1954,google,cpc,campaign-03
2021-03-22,1955,naver,display,campaign-04
2021-03-22,1956,google,blog,campaign-03
2021-03-22,1957,google,blog,campaign-02
2021-03-22,1958,google,display,campaign-04
2021-03-22,1959,naver,blog,campaign-01
2021-03-22,1960,google,blog,campaign-02
2021-03-22,1961,google,blog,campaign-02
2021-03-22,1962,google,cpc,campaign-02
2021-03-22,1963,naver,blog,campaign-05
2021-03-22,1964,google,cpc,campaign-03
2021-03-22,1965,google,blog,campaign-02
2021-03-22,1966,naver,display,campaign-01
2021-03-22,1967,google,blog,campaign-05
2021-03-22,1968,naver,blog,campaign-02
2021-03-22,1969,naver,cpc,campaign-03
2021-03-22,1970,google,blog,campaign-05
2021-03-22,1971,google,blog,campaign-01
2021-03-22,1972,google,cpc,campaign-04
2021-03-22,1973,naver,cpc,campaign-04
2021-03-22,1974,google,blog,campaign-04
2021-03-22,1975,naver,cpc,campaign-04
2021-03-22,1976,google,cpc,campaign-05
2021-03-22,1977,google,display,campaign-01
2021-03-22,1978,naver,cpc,campaign-05
2021-03-22,1979,naver,display,campaign-05
2021-03-22,1980,naver,blog,campaign-03
2021-03-22,1981,google,blog,campaign-04
2021-03-22,1982,naver,cpc,campaign-05
2021-03-22,1983,naver,cpc,campaign-05
2021-03-22,1984,google,blog,campaign-04
2021-03-22,1985,google,display,campaign-03
2021-03-22,1986,naver,blog,campaign-01
2021-03-23,1987,google,blog,campaign-03
2021-03-23,1988,google,blog,campaign-01
2021-03-23,1989,google,blog,campaign-03
2021-03-23,1990,google,blog,campaign-01
2021-03-23,1991,google,cpc,campaign-02
2021-03-23,1992,naver,display,campaign-03
2021-03-23,1993,naver,display,campaign-05
2021-03-23,1994,google,display,campaign-03
2021-03-23,1995,google,blog,campaign-05
2021-03-23,1996,naver,cpc,campaign-03
2021-03-23,1997,naver,display,campaign-04
2021-03-23,1998,google,blog,campaign-05
2021-03-23,1999,naver,display,campaign-05
2021-03-23,2000,naver,display,campaign-05
2021-03-23,2001,naver,blog,campaign-05
2021-03-23,2002,google,cpc,campaign-03
2021-03-23,2003,google,display,campaign-01
2021-03-23,2004,naver,display,campaign-04
2021-03-23,2005,google,display,campaign-03
2021-03-23,2006,google,blog,campaign-02
2021-03-23,2007,naver,display,campaign-05
2021-03-23,2008,naver,display,campaign-04
2021-03-23,2009,google,cpc,campaign-05
2021-03-23,2010,naver,blog,campaign-02
2021-03-23,2011,naver,blog,campaign-02
2021-03-23,2012,google,display,campaign-02
2021-03-23,2013,google,display,campaign-05
2021-03-23,2014,google,blog,campaign-04
2021-03-24,2015,naver,display,campaign-03
2021-03-24,2016,google,cpc,campaign-02
2021-03-24,2017,google,cpc,campaign-04
2021-03-24,2018,google,display,campaign-02
2021-03-24,2019,naver,cpc,campaign-03
2021-03-24,2020,naver,display,campaign-04
2021-03-24,2021,naver,cpc,campaign-04
2021-03-24,2022,naver,blog,campaign-01
2021-03-24,2023,naver,cpc,campaign-05
2021-03-24,2024,naver,blog,campaign-01
2021-03-24,2025,naver,display,campaign-05
2021-03-24,2026,google,display,campaign-04
2021-03-24,2027,google,blog,campaign-02
2021-03-24,2028,naver,cpc,campaign-04
2021-03-24,2029,google,blog,campaign-01
2021-03-24,2030,google,blog,campaign-02
2021-03-24,2031,google,blog,campaign-05
2021-03-24,2032,google,cpc,campaign-03
2021-03-24,2033,naver,display,campaign-04
2021-03-24,2034,google,blog,campaign-05
2021-03-24,2035,naver,display,campaign-01
2021-03-24,2036,naver,display,campaign-04
2021-03-24,2037,naver,display,campaign-05
2021-03-24,2038,naver,blog,campaign-01
2021-03-24,2039,google,display,campaign-05
2021-03-24,2040,google,blog,campaign-03
2021-03-24,2041,naver,cpc,campaign-03
2021-03-24,2042,naver,blog,campaign-04
2021-03-24,2043,naver,display,campaign-04
2021-03-24,2044,google,cpc,campaign-01
2021-03-24,2045,naver,cpc,campaign-02
2021-03-24,2046,google,blog,campaign-04
2021-03-24,2047,google,display,campaign-01
2021-03-24,2048,naver,cpc,campaign-03
2021-03-24,2049,google,display,campaign-04
2021-03-24,2050,google,cpc,campaign-04
2021-03-24,2051,naver,cpc,campaign-04
2021-03-24,2052,naver,display,campaign-04
2021-03-24,2053,naver,display,campaign-05
2021-03-24,2054,google,display,campaign-02
2021-03-24,2055,naver,blog,campaign-03
2021-03-25,2056,google,display,campaign-04
2021-03-25,2057,google,blog,campaign-02
2021-03-25,2058,google,cpc,campaign-01
2021-03-25,2059,naver,blog,campaign-04
2021-03-25,2060,naver,display,campaign-03
2021-03-25,2061,google,cpc,campaign-03
2021-03-25,2062,naver,blog,campaign-05
2021-03-25,2063,google,display,campaign-01
2021-03-25,2064,google,blog,campaign-04
2021-03-25,2065,naver,blog,campaign-03
2021-03-25,2066,google,blog,campaign-03
2021-03-25,2067,google,cpc,campaign-03
2021-03-25,2068,naver,cpc,campaign-05
2021-03-25,2069,google,display,campaign-02
2021-03-25,2070,google,blog,campaign-01
2021-03-25,2071,naver,cpc,campaign-04
2021-03-25,2072,naver,blog,campaign-03
2021-03-25,2073,naver,display,campaign-05
2021-03-25,2074,google,cpc,campaign-01
2021-03-25,2075,naver,cpc,campaign-02
2021-03-25,2076,naver,cpc,campaign-03
2021-03-25,2077,naver,display,campaign-04
2021-03-25,2078,naver,display,campaign-03
2021-03-25,2079,naver,cpc,campaign-01
2021-03-25,2080,naver,cpc,campaign-02
2021-03-25,2081,naver,display,campaign-04
2021-03-25,2082,naver,blog,campaign-03
2021-03-25,2083,naver,display,campaign-04
2021-03-25,2084,google,cpc,campaign-05
2021-03-25,2085,google,display,campaign-03
2021-03-25,2086,naver,cpc,campaign-04
2021-03-25,2087,naver,blog,campaign-05
2021-03-25,2088,google,blog,campaign-05
2021-03-25,2089,naver,display,campaign-05
2021-03-25,2090,google,display,campaign-05
2021-03-25,2091,naver,blog,campaign-03
2021-03-26,2092,naver,blog,campaign-01
2021-03-26,2093,google,cpc,campaign-03
2021-03-26,2094,google,cpc,campaign-05
2021-03-26,2095,google,cpc,campaign-03
2021-03-26,2096,google,blog,campaign-05
2021-03-26,2097,naver,blog,campaign-02
2021-03-26,2098,google,cpc,campaign-04
2021-03-26,2099,google,blog,campaign-02
2021-03-26,2100,google,cpc,campaign-03
2021-03-26,2101,google,display,campaign-01
2021-03-26,2102,naver,cpc,campaign-01
2021-03-26,2103,google,cpc,campaign-01
2021-03-26,2104,naver,display,campaign-02
2021-03-26,2105,naver,display,campaign-01
2021-03-26,2106,google,blog,campaign-01
2021-03-26,2107,google,display,campaign-04
2021-03-26,2108,naver,display,campaign-02
2021-03-26,2109,naver,cpc,campaign-01
2021-03-26,2110,google,display,campaign-05
2021-03-26,2111,naver,blog,campaign-03
2021-03-26,2112,naver,blog,campaign-03
2021-03-26,2113,naver,cpc,campaign-05
2021-03-26,2114,naver,blog,campaign-05
2021-03-26,2115,google,display,campaign-04
2021-03-26,2116,google,cpc,campaign-05
2021-03-26,2117,naver,blog,campaign-04
2021-03-26,2118,naver,blog,campaign-01
2021-03-26,2119,naver,blog,campaign-05
2021-03-26,2120,naver,cpc,campaign-04
2021-03-26,2121,naver,display,campaign-02
2021-03-26,2122,naver,display,campaign-03
2021-03-26,2123,naver,cpc,campaign-01
2021-03-26,2124,naver,display,campaign-02
2021-03-26,2125,google,blog,campaign-05
2021-03-26,2126,google,cpc,campaign-02
2021-03-27,2127,naver,cpc,campaign-04
2021-03-27,2128,google,display,campaign-01
2021-03-27,2129,google,display,campaign-03
2021-03-27,2130,google,display,campaign-01
2021-03-27,2131,google,cpc,campaign-02
2021-03-27,2132,naver,cpc,campaign-01
2021-03-27,2133,google,blog,campaign-01
2021-03-27,2134,google,blog,campaign-02
2021-03-27,2135,naver,cpc,campaign-01
2021-03-27,2136,google,cpc,campaign-05
2021-03-27,2137,naver,blog,campaign-02
2021-03-27,2138,google,blog,campaign-05
2021-03-27,2139,naver,cpc,campaign-04
2021-03-27,2140,google,display,campaign-05
2021-03-27,2141,google,cpc,campaign-02
2021-03-27,2142,google,display,campaign-02
2021-03-27,2143,google,blog,campaign-04
2021-03-27,2144,naver,cpc,campaign-04
2021-03-27,2145,google,display,campaign-04
2021-03-27,2146,naver,blog,campaign-01
2021-03-27,2147,naver,cpc,campaign-01
2021-03-27,2148,naver,cpc,campaign-01
2021-03-27,2149,google,blog,campaign-05
2021-03-27,2150,naver,blog,campaign-03
2021-03-27,2151,google,blog,campaign-05
2021-03-27,2152,naver,blog,campaign-01
2021-03-27,2153,naver,display,campaign-02
2021-03-27,2154,google,display,campaign-03
2021-03-27,2155,naver,display,campaign-05
2021-03-27,2156,google,blog,campaign-05
2021-03-27,2157,naver,blog,campaign-04
2021-03-27,2158,naver,cpc,campaign-02
2021-03-27,2159,naver,display,campaign-03
2021-03-27,2160,google,blog,campaign-05
2021-03-27,2161,google,cpc,campaign-04
2021-03-27,2162,naver,blog,campaign-04
2021-03-27,2163,naver,cpc,campaign-05
2021-03-27,2164,naver,cpc,campaign-03
2021-03-27,2165,google,display,campaign-01
2021-03-27,2166,naver,cpc,campaign-04
2021-03-27,2167,google,cpc,campaign-03
2021-03-27,2168,naver,cpc,campaign-03
2021-03-27,2169,google,blog,campaign-04
2021-03-27,2170,google,display,campaign-04
2021-03-27,2171,naver,blog,campaign-01
2021-03-28,2172,google,display,campaign-02
2021-03-28,2173,google,cpc,campaign-05
2021-03-28,2174,google,display,campaign-05
2021-03-28,2175,google,cpc,campaign-02
2021-03-28,2176,google,display,campaign-03
2021-03-28,2177,naver,display,campaign-05
2021-03-28,2178,naver,display,campaign-01
2021-03-28,2179,google,cpc,campaign-05
2021-03-28,2180,naver,cpc,campaign-02
2021-03-28,2181,naver,cpc,campaign-04
2021-03-28,2182,naver,display,campaign-02
2021-03-28,2183,google,display,campaign-02
2021-03-28,2184,naver,display,campaign-03
2021-03-28,2185,google,cpc,campaign-05
2021-03-28,2186,naver,display,campaign-04
2021-03-28,2187,naver,cpc,campaign-03
2021-03-28,2188,google,blog,campaign-04
2021-03-28,2189,naver,blog,campaign-05
2021-03-28,2190,google,display,campaign-05
2021-03-28,2191,naver,cpc,campaign-04
2021-03-28,2192,google,cpc,campaign-05
2021-03-28,2193,google,cpc,campaign-05
2021-03-28,2194,naver,display,campaign-03
2021-03-28,2195,google,blog,campaign-05
2021-03-28,2196,naver,cpc,campaign-01
2021-03-28,2197,google,display,campaign-04
2021-03-28,2198,naver,cpc,campaign-02
2021-03-28,2199,google,display,campaign-04
2021-03-28,2200,google,blog,campaign-02
2021-03-28,2201,naver,blog,campaign-04
2021-03-28,2202,google,display,campaign-02
2021-03-28,2203,google,cpc,campaign-02
2021-03-28,2204,google,cpc,campaign-05
2021-03-28,2205,google,blog,campaign-04
2021-03-29,2206,google,blog,campaign-05
2021-03-29,2207,naver,blog,campaign-01
2021-03-29,2208,naver,display,campaign-03
2021-03-29,2209,naver,display,campaign-01
2021-03-29,2210,google,cpc,campaign-01
2021-03-29,2211,naver,display,campaign-02
2021-03-29,2212,google,display,campaign-05
2021-03-29,2213,naver,blog,campaign-05
2021-03-29,2214,naver,display,campaign-04
2021-03-29,2215,naver,display,campaign-03
2021-03-29,2216,naver,display,campaign-02
2021-03-29,2217,google,display,campaign-04
2021-03-29,2218,google,display,campaign-03
2021-03-29,2219,naver,display,campaign-01
2021-03-29,2220,naver,cpc,campaign-02
2021-03-29,2221,naver,blog,campaign-04
2021-03-29,2222,google,display,campaign-03
2021-03-29,2223,google,display,campaign-04
2021-03-29,2224,naver,blog,campaign-05
2021-03-29,2225,google,cpc,campaign-01
2021-03-29,2226,naver,display,campaign-05
2021-03-29,2227,naver,blog,campaign-03
2021-03-29,2228,google,display,campaign-03
2021-03-29,2229,naver,cpc,campaign-01
2021-03-29,2230,google,display,campaign-02
2021-03-29,2231,google,blog,campaign-03
2021-03-29,2232,google,display,campaign-01
2021-03-29,2233,google,cpc,campaign-04
2021-03-29,2234,google,display,campaign-05
2021-03-29,2235,naver,cpc,campaign-05
2021-03-29,2236,naver,blog,campaign-01
2021-03-29,2237,google,cpc,campaign-02
2021-03-30,2238,naver,cpc,campaign-01
2021-03-30,2239,naver,blog,campaign-03
2021-03-30,2240,google,cpc,campaign-04
2021-03-30,2241,google,display,campaign-05
2021-03-30,2242,naver,cpc,campaign-05
2021-03-30,2243,google,display,campaign-01
2021-03-30,2244,google,display,campaign-04
2021-03-30,2245,naver,blog,campaign-04
2021-03-30,2246,google,display,campaign-04
2021-03-30,2247,google,cpc,campaign-02
2021-03-30,2248,google,display,campaign-05
2021-03-30,2249,naver,display,campaign-02
2021-03-30,2250,naver,display,campaign-05
2021-03-30,2251,naver,blog,campaign-01
2021-03-30,2252,google,blog,campaign-05
2021-03-30,2253,google,cpc,campaign-05
2021-03-30,2254,naver,blog,campaign-04
2021-03-30,2255,google,blog,campaign-01
2021-03-30,2256,google,display,campaign-03
2021-03-30,2257,naver,cpc,campaign-03
2021-03-30,2258,google,blog,campaign-05
2021-03-30,2259,naver,blog,campaign-02
2021-03-30,2260,naver,display,campaign-02
2021-03-30,2261,naver,blog,campaign-04
2021-03-30,2262,naver,blog,campaign-05
2021-03-30,2263,naver,cpc,campaign-05
2021-03-30,2264,google,cpc,campaign-04
2021-03-30,2265,google,blog,campaign-02
2021-03-30,2266,google,display,campaign-02
2021-03-30,2267,naver,display,campaign-03
2021-03-31,2268,naver,blog,campaign-04
2021-03-31,2269,naver,cpc,campaign-04
2021-03-31,2270,naver,blog,campaign-02
2021-03-31,2271,google,blog,campaign-03
2021-03-31,2272,naver,display,campaign-05
2021-03-31,2273,naver,cpc,campaign-03
2021-03-31,2274,google,blog,campaign-02
2021-03-31,2275,naver,cpc,campaign-04
2021-03-31,2276,naver,display,campaign-04
2021-03-31,2277,naver,blog,campaign-05
2021-03-31,2278,google,cpc,campaign-05
2021-03-31,2279,naver,cpc,campaign-01
2021-03-31,2280,google,blog,campaign-03
2021-03-31,2281,google,blog,campaign-01
2021-03-31,2282,naver,display,campaign-04
2021-03-31,2283,google,blog,campaign-03
2021-03-31,2284,naver,blog,campaign-01
2021-03-31,2285,naver,cpc,campaign-05
2021-03-31,2286,naver,display,campaign-04
2021-03-31,2287,naver,blog,campaign-05
2021-03-31,2288,google,blog,campaign-05
2021-03-31,2289,naver,display,campaign-02
2021-03-31,2290,naver,display,campaign-05
2021-03-31,2291,google,display,campaign-05
2021-03-31,2292,naver,display,campaign-01
2021-03-31,2293,naver,blog,campaign-01
2021-03-31,2294,naver,cpc,campaign-02
2021-03-31,2295,naver,display,campaign-02
2021-04-01,2296,google,blog,campaign-04
2021-04-01,2297,naver,blog,campaign-02
2021-04-01,2298,google,display,campaign-03
2021-04-01,2299,google,blog,campaign-04
2021-04-01,2300,google,cpc,campaign-02
2021-04-01,2301,naver,blog,campaign-02
2021-04-01,2302,naver,blog,campaign-05
2021-04-01,2303,naver,blog,campaign-01
2021-04-01,2304,google,blog,campaign-04
2021-04-01,2305,google,blog,campaign-03
2021-04-01,2306,naver,display,campaign-02
2021-04-01,2307,google,blog,campaign-01
2021-04-01,2308,naver,cpc,campaign-02
2021-04-01,2309,naver,cpc,campaign-03
2021-04-01,2310,naver,cpc,campaign-04
2021-04-01,2311,naver,blog,campaign-01
2021-04-01,2312,google,cpc,campaign-05
2021-04-01,2313,google,blog,campaign-03
2021-04-01,2314,google,display,campaign-01
2021-04-01,2315,google,blog,campaign-01
2021-04-01,2316,google,display,campaign-04
2021-04-01,2317,google,cpc,campaign-05
2021-04-01,2318,google,blog,campaign-05
2021-04-01,2319,naver,blog,campaign-01
2021-04-01,2320,naver,display,campaign-03
2021-04-01,2321,naver,blog,campaign-02
2021-04-01,2322,naver,display,campaign-04
2021-04-01,2323,naver,display,campaign-01
2021-04-01,2324,naver,blog,campaign-05
2021-04-01,2325,google,cpc,campaign-05
2021-04-01,2326,naver,display,campaign-03
2021-04-01,2327,naver,display,campaign-05
2021-04-01,2328,google,display,campaign-05
2021-04-01,2329,google,cpc,campaign-01
2021-04-01,2330,naver,blog,campaign-01
2021-04-01,2331,naver,blog,campaign-01
2021-04-01,2332,naver,display,campaign-05
2021-04-01,2333,naver,display,campaign-05
2021-04-01,2334,naver,cpc,campaign-04
2021-04-01,2335,naver,display,campaign-02
2021-04-01,2336,google,blog,campaign-04
2021-04-01,2337,naver,display,campaign-03
2021-04-01,2338,google,cpc,campaign-02
2021-04-01,2339,google,blog,campaign-04
2021-04-01,2340,naver,cpc,campaign-01
2021-04-01,2341,naver,blog,campaign-04
2021-04-01,2342,google,cpc,campaign-01
2021-04-01,2343,naver,cpc,campaign-03
2021-04-02,2344,naver,display,campaign-03
2021-04-02,2345,google,blog,campaign-02
2021-04-02,2346,google,display,campaign-05
2021-04-02,2347,naver,cpc,campaign-03
2021-04-02,2348,google,cpc,campaign-05
2021-04-02,2349,naver,display,campaign-04
2021-04-02,2350,google,cpc,campaign-03
2021-04-02,2351,naver,display,campaign-03
2021-04-02,2352,naver,display,campaign-01
2021-04-02,2353,google,cpc,campaign-03
2021-04-02,2354,google,display,campaign-04
2021-04-02,2355,naver,display,campaign-02
2021-04-02,2356,naver,display,campaign-03
2021-04-02,2357,google,blog,campaign-02
2021-04-02,2358,naver,blog,campaign-01
2021-04-02,2359,google,display,campaign-05
2021-04-02,2360,google,cpc,campaign-01
2021-04-02,2361,google,cpc,campaign-03
2021-04-02,2362,google,display,campaign-02
2021-04-02,2363,google,blog,campaign-04
2021-04-02,2364,google,display,campaign-05
2021-04-02,2365,google,cpc,campaign-01
2021-04-02,2366,google,display,campaign-03
2021-04-02,2367,google,display,campaign-04
2021-04-02,2368,naver,display,campaign-05
2021-04-02,2369,google,display,campaign-02
2021-04-02,2370,naver,display,campaign-03
2021-04-02,2371,naver,blog,campaign-01
2021-04-02,2372,naver,blog,campaign-05
2021-04-02,2373,google,display,campaign-03
2021-04-02,2374,naver,display,campaign-01
2021-04-02,2375,google,cpc,campaign-03
2021-04-02,2376,naver,display,campaign-05
2021-04-02,2377,naver,blog,campaign-05
2021-04-02,2378,naver,display,campaign-04
2021-04-02,2379,google,blog,campaign-01